N,T,D,delta_minus,delta_plus
1,0,0,0.0,0.0
1,0,1,0.0,0.0
1,0,2,0.0,0.0
1,0,3,0.0,0.0
1,1,0,0.0,0.0
1,1,1,0.0,0.0
1,1,2,0.0,0.0
1,1,3,0.0,0.0
1,2,0,0.0,0.0
1,2,1,0.0,0.0
1,2,2,0.0,0.0
1,2,3,0.0,0.0
1,3,0,0.0,0.0
1,3,1,0.0,0.0
1,3,2,0.0,0.0
1,3,3,0.0,0.0
1,4,0,0.0,0.0
1,4,1,0.0,0.0
1,4,2,0.0,0.0
1,4,3,0.0,0.0
1,5,0,0.0,0.0
1,5,1,0.0,0.0
1,5,2,0.0,0.0
1,5,3,0.0,0.0
1,6,0,0.0,0.0
1,6,1,0.0,0.0
1,6,2,0.0,0.0
1,6,3,0.0,0.0
1,7,0,0.0,0.0
1,7,1,0.0,0.0
1,7,2,0.0,0.0
1,7,3,0.0,0.0
1,8,0,0.0,0.0
1,8,1,0.0,0.0
1,8,2,0.0,0.0
1,8,3,0.0,0.0
1,9,0,0.0,0.0
1,9,1,0.0,0.0
1,9,2,0.0,0.0
1,9,3,0.0,0.0
1,10,0,0.0,0.0
1,10,1,0.0,0.0
1,10,2,0.0,0.0
1,10,3,0.0,0.0
1,11,0,0.0,0.0
1,11,1,0.0,0.0
1,11,2,0.0,0.0
1,11,3,0.0,0.0
1,12,0,0.0,0.0
1,12,1,0.0,0.0
1,12,2,0.0,0.0
1,12,3,0.0,0.0
1,13,0,0.0,0.0
1,13,1,0.0,0.0
1,13,2,0.0,0.0
1,13,3,0.0,0.0
1,14,0,0.0,0.0
1,14,1,0.0,0.0
1,14,2,0.0,0.0
1,14,3,0.0,0.0
1,15,0,0.0,0.0
1,15,1,0.0,0.0
1,15,2,0.0,0.0
1,15,3,0.0,0.0
1,16,0,0.0,0.0
1,16,1,0.0,0.0
1,16,2,0.0,0.0
1,16,3,0.0,0.0
1,17,0,0.0,0.0
1,17,1,0.0,0.0
1,17,2,0.0,0.0
1,17,3,0.0,0.0
1,18,0,0.0,0.0
1,18,1,0.0,0.0
1,18,2,0.0,0.0
1,18,3,0.0,0.0
1,19,0,0.0,0.0
1,19,1,0.0,0.0
1,19,2,0.0,0.0
1,19,3,0.0,0.0
1,20,0,0.0,0.0
1,20,1,0.0,0.0
1,20,2,0.0,0.0
1,20,3,0.0,0.0
1,21,0,0.0,0.0
1,21,1,0.0,0.0
1,21,2,0.0,0.0
1,21,3,0.0,0.0
1,22,0,0.0,0.0
1,22,1,0.0,0.0
1,22,2,0.0,0.0
1,22,3,0.0,0.0
1,23,0,0.0,0.0
1,23,1,0.0,0.0
1,23,2,0.0,0.0
1,23,3,0.0,0.0
2,0,0,0.0,0.0
2,0,1,0.0,0.0
2,0,2,0.0,0.0
2,0,3,0.0,0.0
2,1,0,0.0,0.0
2,1,1,0.0,0.0
2,1,2,0.0,0.0
2,1,3,0.0,0.0
2,2,0,0.0,0.0
2,2,1,0.0,0.0
2,2,2,0.0,0.0
2,2,3,0.0,0.0
2,3,0,0.0,0.0
2,3,1,0.0,0.0
2,3,2,0.0,0.0
2,3,3,0.0,0.0
2,4,0,0.0,0.0
2,4,1,0.0,0.0
2,4,2,0.0,0.0
2,4,3,0.0,0.0
2,5,0,0.0,0.0
2,5,1,0.0,0.0
2,5,2,0.0,0.0
2,5,3,0.0,0.0
2,6,0,0.0,0.0
2,6,1,0.0,0.0
2,6,2,0.0,0.0
2,6,3,0.0,0.0
2,7,0,0.0,0.0
2,7,1,0.0,0.0
2,7,2,0.0,0.0
2,7,3,0.0,0.0
2,8,0,0.0,0.0
2,8,1,0.0,0.0
2,8,2,0.0,0.0
2,8,3,0.0,0.0
2,9,0,0.0,0.0
2,9,1,0.0,0.0
2,9,2,0.0,0.0
2,9,3,0.0,0.0
2,10,0,0.0,0.0
2,10,1,0.0,0.0
2,10,2,0.0,0.0
2,10,3,0.0,0.0
2,11,0,0.0,0.0
2,11,1,0.0,0.0
2,11,2,0.0,0.0
2,11,3,0.0,0.0
2,12,0,0.0,0.0
2,12,1,0.0,0.0
2,12,2,0.0,0.0
2,12,3,0.0,0.0
2,13,0,0.0,0.0
2,13,1,0.0,0.0
2,13,2,0.0,0.0
2,13,3,0.0,0.0
2,14,0,0.0,0.0
2,14,1,0.0,0.0
2,14,2,0.0,0.0
2,14,3,0.0,0.0
2,15,0,0.0,0.0
2,15,1,0.0,0.0
2,15,2,0.0,0.0
2,15,3,0.0,0.0
2,16,0,0.0,0.0
2,16,1,0.0,0.0
2,16,2,0.0,0.0
2,16,3,0.0,0.0
2,17,0,0.0,0.0
2,17,1,0.0,0.0
2,17,2,0.0,0.0
2,17,3,0.0,0.0
2,18,0,0.0,0.0
2,18,1,0.0,0.0
2,18,2,0.0,0.0
2,18,3,0.0,0.0
2,19,0,0.0,0.0
2,19,1,0.0,0.0
2,19,2,0.0,0.0
2,19,3,0.0,0.0
2,20,0,0.0,0.0
2,20,1,0.0,0.0
2,20,2,0.0,0.0
2,20,3,0.0,0.0
2,21,0,0.0,0.0
2,21,1,0.0,0.0
2,21,2,0.0,0.0
2,21,3,0.0,0.0
2,22,0,0.0,0.0
2,22,1,0.0,0.0
2,22,2,0.0,0.0
2,22,3,0.0,0.0
2,23,0,0.0,0.0
2,23,1,0.0,0.0
2,23,2,0.0,0.0
2,23,3,0.0,0.0
3,0,0,0.0,0.0
3,0,1,0.0,0.0
3,0,2,0.0,0.0
3,0,3,0.0,0.0
3,1,0,0.0,0.0
3,1,1,0.0,0.0
3,1,2,0.0,0.0
3,1,3,0.0,0.0
3,2,0,0.0,0.0
3,2,1,0.0,0.0
3,2,2,0.0,0.0
3,2,3,0.0,0.0
3,3,0,0.0,0.0
3,3,1,0.0,0.0
3,3,2,0.0,0.0
3,3,3,0.0,0.0
3,4,0,0.0,0.0
3,4,1,0.0,0.0
3,4,2,0.0,0.0
3,4,3,0.0,0.0
3,5,0,0.0,0.0
3,5,1,0.0,0.0
3,5,2,0.0,0.0
3,5,3,0.0,0.0
3,6,0,0.0,0.0
3,6,1,0.0,0.0
3,6,2,0.0,0.0
3,6,3,0.0,0.0
3,7,0,0.0,0.0
3,7,1,0.0,0.0
3,7,2,0.0,0.0
3,7,3,0.0,0.0
3,8,0,0.0,0.0
3,8,1,0.0,0.0
3,8,2,0.0,0.0
3,8,3,0.0,0.0
3,9,0,0.0,0.0
3,9,1,0.0,0.0
3,9,2,0.0,0.0
3,9,3,0.0,0.0
3,10,0,0.0,0.0
3,10,1,0.0,0.0
3,10,2,0.0,0.0
3,10,3,0.0,0.0
3,11,0,0.0,0.0
3,11,1,0.0,0.0
3,11,2,0.0,0.0
3,11,3,0.0,0.0
3,12,0,0.0,0.0
3,12,1,0.0,0.0
3,12,2,0.0,0.0
3,12,3,0.0,0.0
3,13,0,0.0,0.0
3,13,1,0.0,0.0
3,13,2,0.0,0.0
3,13,3,0.0,0.0
3,14,0,0.0,0.0
3,14,1,0.0,0.0
3,14,2,0.0,0.0
3,14,3,0.0,0.0
3,15,0,0.0,0.0
3,15,1,0.0,0.0
3,15,2,0.0,0.0
3,15,3,0.0,0.0
3,16,0,0.0,0.0
3,16,1,0.0,0.0
3,16,2,0.0,0.0
3,16,3,0.0,0.0
3,17,0,0.0,0.0
3,17,1,0.0,0.0
3,17,2,0.0,0.0
3,17,3,0.0,0.0
3,18,0,0.0,0.0
3,18,1,0.0,0.0
3,18,2,0.0,0.0
3,18,3,0.0,0.0
3,19,0,0.0,0.0
3,19,1,0.0,0.0
3,19,2,0.0,0.0
3,19,3,0.0,0.0
3,20,0,0.0,0.0
3,20,1,0.0,0.0
3,20,2,0.0,0.0
3,20,3,0.0,0.0
3,21,0,0.0,0.0
3,21,1,0.0,0.0
3,21,2,0.0,0.0
3,21,3,0.0,0.0
3,22,0,0.0,0.0
3,22,1,0.0,0.0
3,22,2,0.0,0.0
3,22,3,0.0,0.0
3,23,0,0.0,0.0
3,23,1,0.0,0.0
3,23,2,0.0,0.0
3,23,3,0.0,0.0
4,0,0,0.0,0.0
4,0,1,0.0,0.0
4,0,2,0.0,0.0
4,0,3,0.0,0.0
4,1,0,0.0,0.0
4,1,1,0.0,0.0
4,1,2,0.0,0.0
4,1,3,0.0,0.0
4,2,0,0.0,0.0
4,2,1,0.0,0.0
4,2,2,0.0,0.0
4,2,3,0.0,0.0
4,3,0,0.0,0.0
4,3,1,0.0,0.0
4,3,2,0.0,0.0
4,3,3,0.0,0.0
4,4,0,0.0,0.0
4,4,1,0.0,0.0
4,4,2,0.0,0.0
4,4,3,0.0,0.0
4,5,0,0.0,0.0
4,5,1,0.0,0.0
4,5,2,0.0,0.0
4,5,3,0.0,0.0
4,6,0,0.0,0.0
4,6,1,0.0,0.0
4,6,2,0.0,0.0
4,6,3,0.0,0.0
4,7,0,0.0,0.0
4,7,1,0.0,0.0
4,7,2,0.0,0.0
4,7,3,0.0,0.0
4,8,0,0.0,0.0
4,8,1,0.0,0.0
4,8,2,0.0,0.0
4,8,3,0.0,0.0
4,9,0,0.0,0.0
4,9,1,0.0,0.0
4,9,2,0.0,0.0
4,9,3,0.0,0.0
4,10,0,0.0,0.0
4,10,1,0.0,0.0
4,10,2,0.0,0.0
4,10,3,0.0,0.0
4,11,0,0.0,0.0
4,11,1,0.0,0.0
4,11,2,0.0,0.0
4,11,3,0.0,0.0
4,12,0,0.0,0.0
4,12,1,0.0,0.0
4,12,2,0.0,0.0
4,12,3,0.0,0.0
4,13,0,0.0,0.0
4,13,1,0.0,0.0
4,13,2,0.0,0.0
4,13,3,0.0,0.0
4,14,0,0.0,0.0
4,14,1,0.0,0.0
4,14,2,0.0,0.0
4,14,3,0.0,0.0
4,15,0,0.0,0.0
4,15,1,0.0,0.0
4,15,2,0.0,0.0
4,15,3,0.0,0.0
4,16,0,0.0,0.0
4,16,1,0.0,0.0
4,16,2,0.0,0.0
4,16,3,0.0,0.0
4,17,0,0.0,0.0
4,17,1,0.0,0.0
4,17,2,0.0,0.0
4,17,3,0.0,0.0
4,18,0,0.0,0.0
4,18,1,0.0,0.0
4,18,2,0.0,0.0
4,18,3,0.0,0.0
4,19,0,0.0,0.0
4,19,1,0.0,0.0
4,19,2,0.0,0.0
4,19,3,0.0,0.0
4,20,0,0.0,0.0
4,20,1,0.0,0.0
4,20,2,0.0,0.0
4,20,3,0.0,0.0
4,21,0,0.0,0.0
4,21,1,0.0,0.0
4,21,2,0.0,0.0
4,21,3,0.0,0.0
4,22,0,0.0,0.0
4,22,1,0.0,0.0
4,22,2,0.0,0.0
4,22,3,0.0,0.0
4,23,0,0.0,0.0
4,23,1,0.0,0.0
4,23,2,0.0,0.0
4,23,3,0.0,0.0
5,0,0,0.0,0.0
5,0,1,0.0,0.0
5,0,2,0.0,0.0
5,0,3,0.0,0.0
5,1,0,0.0,0.0
5,1,1,0.0,0.0
5,1,2,0.0,0.0
5,1,3,0.0,0.0
5,2,0,0.0,0.0
5,2,1,0.0,0.0
5,2,2,0.0,0.0
5,2,3,0.0,0.0
5,3,0,0.0,0.0
5,3,1,0.0,0.0
5,3,2,0.0,0.0
5,3,3,0.0,0.0
5,4,0,0.0,0.0
5,4,1,0.0,0.0
5,4,2,0.0,0.0
5,4,3,0.0,0.0
5,5,0,0.0,0.0
5,5,1,0.0,0.0
5,5,2,0.0,0.0
5,5,3,0.0,0.0
5,6,0,0.0,0.0
5,6,1,0.0,0.0
5,6,2,0.0,0.0
5,6,3,0.0,0.0
5,7,0,0.0,0.0
5,7,1,0.0,0.0
5,7,2,0.0,0.0
5,7,3,0.0,0.0
5,8,0,0.0,0.0
5,8,1,0.0,0.0
5,8,2,0.0,0.0
5,8,3,0.0,0.0
5,9,0,0.0,0.0
5,9,1,0.0,0.0
5,9,2,0.0,0.0
5,9,3,0.0,0.0
5,10,0,0.0,0.0
5,10,1,0.0,0.0
5,10,2,0.0,0.0
5,10,3,0.0,0.0
5,11,0,0.0,0.0
5,11,1,0.0,0.0
5,11,2,0.0,0.0
5,11,3,0.0,0.0
5,12,0,0.0,0.0
5,12,1,0.0,0.0
5,12,2,0.0,0.0
5,12,3,0.0,0.0
5,13,0,0.0,0.0
5,13,1,0.0,0.0
5,13,2,0.0,0.0
5,13,3,0.0,0.0
5,14,0,0.0,0.0
5,14,1,0.0,0.0
5,14,2,0.0,0.0
5,14,3,0.0,0.0
5,15,0,0.0,0.0
5,15,1,0.0,0.0
5,15,2,0.0,0.0
5,15,3,0.0,0.0
5,16,0,0.0,0.0
5,16,1,0.0,0.0
5,16,2,0.0,0.0
5,16,3,0.0,0.0
5,17,0,0.0,0.0
5,17,1,0.0,0.0
5,17,2,0.0,0.0
5,17,3,0.0,0.0
5,18,0,0.0,0.0
5,18,1,0.0,0.0
5,18,2,0.0,0.0
5,18,3,0.0,0.0
5,19,0,0.0,0.0
5,19,1,0.0,0.0
5,19,2,0.0,0.0
5,19,3,0.0,0.0
5,20,0,0.0,0.0
5,20,1,0.0,0.0
5,20,2,0.0,0.0
5,20,3,0.0,0.0
5,21,0,0.0,0.0
5,21,1,0.0,0.0
5,21,2,0.0,0.0
5,21,3,0.0,0.0
5,22,0,0.0,0.0
5,22,1,0.0,0.0
5,22,2,0.0,0.0
5,22,3,0.0,0.0
5,23,0,0.0,0.0
5,23,1,0.0,0.0
5,23,2,0.0,0.0
5,23,3,0.0,0.0
6,0,0,0.0,0.0
6,0,1,0.0,0.0
6,0,2,0.0,0.0
6,0,3,0.0,0.0
6,1,0,0.0,0.0
6,1,1,0.0,0.0
6,1,2,0.0,0.0
6,1,3,0.0,0.0
6,2,0,0.0,0.0
6,2,1,0.0,0.0
6,2,2,0.0,0.0
6,2,3,0.0,0.0
6,3,0,0.0,0.0
6,3,1,0.0,0.0
6,3,2,0.0,0.0
6,3,3,0.0,0.0
6,4,0,0.0,0.0
6,4,1,0.0,0.0
6,4,2,0.0,0.0
6,4,3,0.0,0.0
6,5,0,0.0,0.0
6,5,1,0.0,0.0
6,5,2,0.0,0.0
6,5,3,0.0,0.0
6,6,0,0.0,0.0
6,6,1,0.0,0.0
6,6,2,0.0,0.0
6,6,3,0.0,0.0
6,7,0,0.0,0.0
6,7,1,0.0,0.0
6,7,2,0.0,0.0
6,7,3,0.0,0.0
6,8,0,0.0,0.0
6,8,1,0.0,0.0
6,8,2,0.0,0.0
6,8,3,0.0,0.0
6,9,0,0.0,0.0
6,9,1,0.0,0.0
6,9,2,0.0,0.0
6,9,3,0.0,0.0
6,10,0,0.0,0.0
6,10,1,0.0,0.0
6,10,2,0.0,0.0
6,10,3,0.0,0.0
6,11,0,0.0,0.0
6,11,1,0.0,0.0
6,11,2,0.0,0.0
6,11,3,0.0,0.0
6,12,0,0.0,0.0
6,12,1,0.0,0.0
6,12,2,0.0,0.0
6,12,3,0.0,0.0
6,13,0,0.0,0.0
6,13,1,0.0,0.0
6,13,2,0.0,0.0
6,13,3,0.0,0.0
6,14,0,0.0,0.0
6,14,1,0.0,0.0
6,14,2,0.0,0.0
6,14,3,0.0,0.0
6,15,0,0.0,0.0
6,15,1,0.0,0.0
6,15,2,0.0,0.0
6,15,3,0.0,0.0
6,16,0,0.0,0.0
6,16,1,0.0,0.0
6,16,2,0.0,0.0
6,16,3,0.0,0.0
6,17,0,0.0,0.0
6,17,1,0.0,0.0
6,17,2,0.0,0.0
6,17,3,0.0,0.0
6,18,0,0.0,0.0
6,18,1,0.0,0.0
6,18,2,0.0,0.0
6,18,3,0.0,0.0
6,19,0,0.0,0.0
6,19,1,0.0,0.0
6,19,2,0.0,0.0
6,19,3,0.0,0.0
6,20,0,0.0,0.0
6,20,1,0.0,0.0
6,20,2,0.0,0.0
6,20,3,0.0,0.0
6,21,0,0.0,0.0
6,21,1,0.0,0.0
6,21,2,0.0,0.0
6,21,3,0.0,0.0
6,22,0,0.0,0.0
6,22,1,0.0,0.0
6,22,2,0.0,0.0
6,22,3,0.0,0.0
6,23,0,0.0,0.0
6,23,1,0.0,0.0
6,23,2,0.0,0.0
6,23,3,0.0,0.0
7,0,0,0.0,0.0
7,0,1,0.0,0.0
7,0,2,0.0,0.0
7,0,3,0.0,0.0
7,1,0,0.0,0.0
7,1,1,0.0,0.0
7,1,2,0.0,0.0
7,1,3,0.0,0.0
7,2,0,0.0,0.0
7,2,1,0.0,0.0
7,2,2,0.0,0.0
7,2,3,0.0,0.0
7,3,0,0.0,0.0
7,3,1,0.0,0.0
7,3,2,0.0,0.0
7,3,3,0.0,0.0
7,4,0,0.0,0.0
7,4,1,0.0,0.0
7,4,2,0.0,0.0
7,4,3,0.0,0.0
7,5,0,0.0,0.0
7,5,1,0.0,0.0
7,5,2,0.0,0.0
7,5,3,0.0,0.0
7,6,0,0.0,0.0
7,6,1,0.0,0.0
7,6,2,0.0,0.0
7,6,3,0.0,0.0
7,7,0,0.0,0.0
7,7,1,0.0,0.0
7,7,2,0.0,0.0
7,7,3,0.0,0.0
7,8,0,0.0,0.0
7,8,1,0.0,0.0
7,8,2,0.0,0.0
7,8,3,0.0,0.0
7,9,0,0.0,0.0
7,9,1,0.0,0.0
7,9,2,0.0,0.0
7,9,3,0.0,0.0
7,10,0,0.0,0.0
7,10,1,0.0,0.0
7,10,2,0.0,0.0
7,10,3,0.0,0.0
7,11,0,0.0,0.0
7,11,1,0.0,0.0
7,11,2,0.0,0.0
7,11,3,0.0,0.0
7,12,0,0.0,0.0
7,12,1,0.0,0.0
7,12,2,0.0,0.0
7,12,3,0.0,0.0
7,13,0,0.0,0.0
7,13,1,0.0,0.0
7,13,2,0.0,0.0
7,13,3,0.0,0.0
7,14,0,0.0,0.0
7,14,1,0.0,0.0
7,14,2,0.0,0.0
7,14,3,0.0,0.0
7,15,0,0.0,0.0
7,15,1,0.0,0.0
7,15,2,0.0,0.0
7,15,3,0.0,0.0
7,16,0,0.0,0.0
7,16,1,0.0,0.0
7,16,2,0.0,0.0
7,16,3,0.0,0.0
7,17,0,0.0,0.0
7,17,1,0.0,0.0
7,17,2,0.0,0.0
7,17,3,0.0,0.0
7,18,0,0.0,0.0
7,18,1,0.0,0.0
7,18,2,0.0,0.0
7,18,3,0.0,0.0
7,19,0,0.0,0.0
7,19,1,0.0,0.0
7,19,2,0.0,0.0
7,19,3,0.0,0.0
7,20,0,0.0,0.0
7,20,1,0.0,0.0
7,20,2,0.0,0.0
7,20,3,0.0,0.0
7,21,0,0.0,0.0
7,21,1,0.0,0.0
7,21,2,0.0,0.0
7,21,3,0.0,0.0
7,22,0,0.0,0.0
7,22,1,0.0,0.0
7,22,2,0.0,0.0
7,22,3,0.0,0.0
7,23,0,0.0,0.0
7,23,1,0.0,0.0
7,23,2,0.0,0.0
7,23,3,0.0,0.0
8,0,0,0.0,0.0
8,0,1,0.0,0.0
8,0,2,0.0,0.0
8,0,3,0.0,0.0
8,1,0,0.0,0.0
8,1,1,0.0,0.0
8,1,2,0.0,0.0
8,1,3,0.0,0.0
8,2,0,0.0,0.0
8,2,1,0.0,0.0
8,2,2,0.0,0.0
8,2,3,0.0,0.0
8,3,0,0.0,0.0
8,3,1,0.0,0.0
8,3,2,0.0,0.0
8,3,3,0.0,0.0
8,4,0,0.0,0.0
8,4,1,0.0,0.0
8,4,2,0.0,0.0
8,4,3,0.0,0.0
8,5,0,0.0,0.0
8,5,1,0.0,0.0
8,5,2,0.0,0.0
8,5,3,0.0,0.0
8,6,0,0.0,0.0
8,6,1,0.0,0.0
8,6,2,0.0,0.0
8,6,3,0.0,0.0
8,7,0,0.0,0.0
8,7,1,0.0,0.0
8,7,2,0.0,0.0
8,7,3,0.0,0.0
8,8,0,0.0,0.0
8,8,1,0.0,0.0
8,8,2,0.0,0.0
8,8,3,0.0,0.0
8,9,0,0.0,0.0
8,9,1,0.0,0.0
8,9,2,0.0,0.0
8,9,3,0.0,0.0
8,10,0,0.0,0.0
8,10,1,0.0,0.0
8,10,2,0.0,0.0
8,10,3,0.0,0.0
8,11,0,0.0,0.0
8,11,1,0.0,0.0
8,11,2,0.0,0.0
8,11,3,0.0,0.0
8,12,0,0.0,0.0
8,12,1,0.0,0.0
8,12,2,0.0,0.0
8,12,3,0.0,0.0
8,13,0,0.0,0.0
8,13,1,0.0,0.0
8,13,2,0.0,0.0
8,13,3,0.0,0.0
8,14,0,0.0,0.0
8,14,1,0.0,0.0
8,14,2,0.0,0.0
8,14,3,0.0,0.0
8,15,0,0.0,0.0
8,15,1,0.0,0.0
8,15,2,0.0,0.0
8,15,3,0.0,0.0
8,16,0,0.0,0.0
8,16,1,0.0,0.0
8,16,2,0.0,0.0
8,16,3,0.0,0.0
8,17,0,0.0,0.0
8,17,1,0.0,0.0
8,17,2,0.0,0.0
8,17,3,0.0,0.0
8,18,0,0.0,0.0
8,18,1,0.0,0.0
8,18,2,0.0,0.0
8,18,3,0.0,0.0
8,19,0,0.0,0.0
8,19,1,0.0,0.0
8,19,2,0.0,0.0
8,19,3,0.0,0.0
8,20,0,0.0,0.0
8,20,1,0.0,0.0
8,20,2,0.0,0.0
8,20,3,0.0,0.0
8,21,0,0.0,0.0
8,21,1,0.0,0.0
8,21,2,0.0,0.0
8,21,3,0.0,0.0
8,22,0,0.0,0.0
8,22,1,0.0,0.0
8,22,2,0.0,0.0
8,22,3,0.0,0.0
8,23,0,0.0,0.0
8,23,1,0.0,0.0
8,23,2,0.0,0.0
8,23,3,0.0,0.0
9,0,0,0.0,0.0
9,0,1,0.0,0.0
9,0,2,0.0,0.0
9,0,3,0.0,0.0
9,1,0,0.0,0.0
9,1,1,0.0,0.0
9,1,2,0.0,0.0
9,1,3,0.0,0.0
9,2,0,0.0,0.0
9,2,1,0.0,0.0
9,2,2,0.0,0.0
9,2,3,0.0,0.0
9,3,0,0.0,0.0
9,3,1,0.0,0.0
9,3,2,0.0,0.0
9,3,3,0.0,0.0
9,4,0,0.0,0.0
9,4,1,0.0,0.0
9,4,2,0.0,0.0
9,4,3,0.0,0.0
9,5,0,0.0,0.0
9,5,1,0.0,0.0
9,5,2,0.0,0.0
9,5,3,0.0,0.0
9,6,0,0.0,0.0
9,6,1,0.0,0.0
9,6,2,0.0,0.0
9,6,3,0.0,0.0
9,7,0,0.0,0.0
9,7,1,0.0,0.0
9,7,2,0.0,0.0
9,7,3,0.0,0.0
9,8,0,0.0,0.0
9,8,1,0.0,0.0
9,8,2,0.0,0.0
9,8,3,0.0,0.0
9,9,0,0.0,0.0
9,9,1,0.0,0.0
9,9,2,0.0,0.0
9,9,3,0.0,0.0
9,10,0,0.0,0.0
9,10,1,0.0,0.0
9,10,2,0.0,0.0
9,10,3,0.0,0.0
9,11,0,0.0,0.0
9,11,1,0.0,0.0
9,11,2,0.0,0.0
9,11,3,0.0,0.0
9,12,0,0.0,0.0
9,12,1,0.0,0.0
9,12,2,0.0,0.0
9,12,3,0.0,0.0
9,13,0,0.0,0.0
9,13,1,0.0,0.0
9,13,2,0.0,0.0
9,13,3,0.0,0.0
9,14,0,0.0,0.0
9,14,1,0.0,0.0
9,14,2,0.0,0.0
9,14,3,0.0,0.0
9,15,0,0.0,0.0
9,15,1,0.0,0.0
9,15,2,0.0,0.0
9,15,3,0.0,0.0
9,16,0,0.0,0.0
9,16,1,0.0,0.0
9,16,2,0.0,0.0
9,16,3,0.0,0.0
9,17,0,0.0,0.0
9,17,1,0.0,0.0
9,17,2,0.0,0.0
9,17,3,0.0,0.0
9,18,0,0.0,0.0
9,18,1,0.0,0.0
9,18,2,0.0,0.0
9,18,3,0.0,0.0
9,19,0,0.0,0.0
9,19,1,0.0,0.0
9,19,2,0.0,0.0
9,19,3,0.0,0.0
9,20,0,0.0,0.0
9,20,1,0.0,0.0
9,20,2,0.0,0.0
9,20,3,0.0,0.0
9,21,0,0.0,0.0
9,21,1,0.0,0.0
9,21,2,0.0,0.0
9,21,3,0.0,0.0
9,22,0,0.0,0.0
9,22,1,0.0,0.0
9,22,2,0.0,0.0
9,22,3,0.0,0.0
9,23,0,0.0,0.0
9,23,1,0.0,0.0
9,23,2,0.0,0.0
9,23,3,0.0,0.0
10,0,0,0.0,0.0
10,0,1,0.0,0.0
10,0,2,0.0,0.0
10,0,3,0.0,0.0
10,1,0,0.0,0.0
10,1,1,0.0,0.0
10,1,2,0.0,0.0
10,1,3,0.0,0.0
10,2,0,0.0,0.0
10,2,1,0.0,0.0
10,2,2,0.0,0.0
10,2,3,0.0,0.0
10,3,0,0.0,0.0
10,3,1,0.0,0.0
10,3,2,0.0,0.0
10,3,3,0.0,0.0
10,4,0,0.0,0.0
10,4,1,0.0,0.0
10,4,2,0.0,0.0
10,4,3,0.0,0.0
10,5,0,0.0,0.0
10,5,1,0.0,0.0
10,5,2,0.0,0.0
10,5,3,0.0,0.0
10,6,0,0.0,0.0
10,6,1,0.0,0.0
10,6,2,0.0,0.0
10,6,3,0.0,0.0
10,7,0,0.0,0.0
10,7,1,0.0,0.0
10,7,2,0.0,0.0
10,7,3,0.0,0.0
10,8,0,0.0,0.0
10,8,1,0.0,0.0
10,8,2,0.0,0.0
10,8,3,0.0,0.0
10,9,0,0.0,0.0
10,9,1,0.0,0.0
10,9,2,0.0,0.0
10,9,3,0.0,0.0
10,10,0,0.0,0.0
10,10,1,0.0,0.0
10,10,2,0.0,0.0
10,10,3,0.0,0.0
10,11,0,0.0,0.0
10,11,1,0.0,0.0
10,11,2,0.0,0.0
10,11,3,0.0,0.0
10,12,0,0.0,0.0
10,12,1,0.0,0.0
10,12,2,0.0,0.0
10,12,3,0.0,0.0
10,13,0,0.0,0.0
10,13,1,0.0,0.0
10,13,2,0.0,0.0
10,13,3,0.0,0.0
10,14,0,0.0,0.0
10,14,1,0.0,0.0
10,14,2,0.0,0.0
10,14,3,0.0,0.0
10,15,0,0.0,0.0
10,15,1,0.0,0.0
10,15,2,0.0,0.0
10,15,3,0.0,0.0
10,16,0,0.0,0.0
10,16,1,0.0,0.0
10,16,2,0.0,0.0
10,16,3,0.0,0.0
10,17,0,0.0,0.0
10,17,1,0.0,0.0
10,17,2,0.0,0.0
10,17,3,0.0,0.0
10,18,0,0.0,0.0
10,18,1,0.0,0.0
10,18,2,0.0,0.0
10,18,3,0.0,0.0
10,19,0,0.0,0.0
10,19,1,0.0,0.0
10,19,2,0.0,0.0
10,19,3,0.0,0.0
10,20,0,0.0,0.0
10,20,1,0.0,0.0
10,20,2,0.0,0.0
10,20,3,0.0,0.0
10,21,0,0.0,0.0
10,21,1,0.0,0.0
10,21,2,0.0,0.0
10,21,3,0.0,0.0
10,22,0,0.0,0.0
10,22,1,0.0,0.0
10,22,2,0.0,0.0
10,22,3,0.0,0.0
10,23,0,0.0,0.0
10,23,1,0.0,0.0
10,23,2,0.0,0.0
10,23,3,0.0,0.0
11,0,0,0.0,0.0
11,0,1,0.0,0.0
11,0,2,0.0,0.0
11,0,3,0.0,0.0
11,1,0,0.0,0.0
11,1,1,0.0,0.0
11,1,2,0.0,0.0
11,1,3,0.0,0.0
11,2,0,0.0,0.0
11,2,1,0.0,0.0
11,2,2,0.0,0.0
11,2,3,0.0,0.0
11,3,0,0.0,0.0
11,3,1,0.0,0.0
11,3,2,0.0,0.0
11,3,3,0.0,0.0
11,4,0,0.0,0.0
11,4,1,0.0,0.0
11,4,2,0.0,0.0
11,4,3,0.0,0.0
11,5,0,0.0,0.0
11,5,1,0.0,0.0
11,5,2,0.0,0.0
11,5,3,0.0,0.0
11,6,0,0.0,0.0
11,6,1,0.0,0.0
11,6,2,0.0,0.0
11,6,3,0.0,0.0
11,7,0,0.0,0.0
11,7,1,0.0,0.0
11,7,2,0.0,0.0
11,7,3,0.0,0.0
11,8,0,0.0,0.0
11,8,1,0.0,0.0
11,8,2,0.0,0.0
11,8,3,0.0,0.0
11,9,0,0.0,0.0
11,9,1,0.0,0.0
11,9,2,0.0,0.0
11,9,3,0.0,0.0
11,10,0,0.0,0.0
11,10,1,0.0,0.0
11,10,2,0.0,0.0
11,10,3,0.0,0.0
11,11,0,0.0,0.0
11,11,1,0.0,0.0
11,11,2,0.0,0.0
11,11,3,0.0,0.0
11,12,0,0.0,0.0
11,12,1,0.0,0.0
11,12,2,0.0,0.0
11,12,3,0.0,0.0
11,13,0,0.0,0.0
11,13,1,0.0,0.0
11,13,2,0.0,0.0
11,13,3,0.0,0.0
11,14,0,0.0,0.0
11,14,1,0.0,0.0
11,14,2,0.0,0.0
11,14,3,0.0,0.0
11,15,0,0.0,0.0
11,15,1,0.0,0.0
11,15,2,0.0,0.0
11,15,3,0.0,0.0
11,16,0,0.0,0.0
11,16,1,0.0,0.0
11,16,2,0.0,0.0
11,16,3,0.0,0.0
11,17,0,0.0,0.0
11,17,1,0.0,0.0
11,17,2,0.0,0.0
11,17,3,0.0,0.0
11,18,0,0.0,0.0
11,18,1,0.0,0.0
11,18,2,0.0,0.0
11,18,3,0.0,0.0
11,19,0,0.0,0.0
11,19,1,0.0,0.0
11,19,2,0.0,0.0
11,19,3,0.0,0.0
11,20,0,0.0,0.0
11,20,1,0.0,0.0
11,20,2,0.0,0.0
11,20,3,0.0,0.0
11,21,0,0.0,0.0
11,21,1,0.0,0.0
11,21,2,0.0,0.0
11,21,3,0.0,0.0
11,22,0,0.0,0.0
11,22,1,0.0,0.0
11,22,2,0.0,0.0
11,22,3,0.0,0.0
11,23,0,0.0,0.0
11,23,1,0.0,0.0
11,23,2,0.0,0.0
11,23,3,0.0,0.0
12,0,0,0.0,0.0
12,0,1,0.0,0.0
12,0,2,0.0,0.0
12,0,3,0.0,0.0
12,1,0,0.0,0.0
12,1,1,0.0,0.0
12,1,2,0.0,0.0
12,1,3,0.0,0.0
12,2,0,0.0,0.0
12,2,1,0.0,0.0
12,2,2,0.0,0.0
12,2,3,0.0,0.0
12,3,0,0.0,0.0
12,3,1,0.0,0.0
12,3,2,0.0,0.0
12,3,3,0.0,0.0
12,4,0,0.0,0.0
12,4,1,0.0,0.0
12,4,2,0.0,0.0
12,4,3,0.0,0.0
12,5,0,0.0,0.0
12,5,1,0.0,0.0
12,5,2,0.0,0.0
12,5,3,0.0,0.0
12,6,0,0.0,0.0
12,6,1,0.0,0.0
12,6,2,0.0,0.0
12,6,3,0.0,0.0
12,7,0,0.0,0.0
12,7,1,0.0,0.0
12,7,2,0.0,0.0
12,7,3,0.0,0.0
12,8,0,0.0,0.0
12,8,1,0.0,0.0
12,8,2,0.0,0.0
12,8,3,0.0,0.0
12,9,0,0.0,0.0
12,9,1,0.0,0.0
12,9,2,0.0,0.0
12,9,3,0.0,0.0
12,10,0,0.0,0.0
12,10,1,0.0,0.0
12,10,2,0.0,0.0
12,10,3,0.0,0.0
12,11,0,0.0,0.0
12,11,1,0.0,0.0
12,11,2,0.0,0.0
12,11,3,0.0,0.0
12,12,0,0.0,0.0
12,12,1,0.0,0.0
12,12,2,0.0,0.0
12,12,3,0.0,0.0
12,13,0,0.0,0.0
12,13,1,0.0,0.0
12,13,2,0.0,0.0
12,13,3,0.0,0.0
12,14,0,0.0,0.0
12,14,1,0.0,0.0
12,14,2,0.0,0.0
12,14,3,0.0,0.0
12,15,0,0.0,0.0
12,15,1,0.0,0.0
12,15,2,0.0,0.0
12,15,3,0.0,0.0
12,16,0,0.0,0.0
12,16,1,0.0,0.0
12,16,2,0.0,0.0
12,16,3,0.0,0.0
12,17,0,0.0,0.0
12,17,1,0.0,0.0
12,17,2,0.0,0.0
12,17,3,0.0,0.0
12,18,0,0.0,0.0
12,18,1,0.0,0.0
12,18,2,0.0,0.0
12,18,3,0.0,0.0
12,19,0,0.0,0.0
12,19,1,0.0,0.0
12,19,2,0.0,0.0
12,19,3,0.0,0.0
12,20,0,0.0,0.0
12,20,1,0.0,0.0
12,20,2,0.0,0.0
12,20,3,0.0,0.0
12,21,0,0.0,0.0
12,21,1,0.0,0.0
12,21,2,0.0,0.0
12,21,3,0.0,0.0
12,22,0,0.0,0.0
12,22,1,0.0,0.0
12,22,2,0.0,0.0
12,22,3,0.0,0.0
12,23,0,0.0,0.0
12,23,1,0.0,0.0
12,23,2,0.0,0.0
12,23,3,0.0,0.0
13,0,0,0.0,0.0
13,0,1,0.0,0.0
13,0,2,0.0,0.0
13,0,3,0.0,0.0
13,1,0,0.0,0.0
13,1,1,0.0,0.0
13,1,2,0.0,0.0
13,1,3,0.0,0.0
13,2,0,0.0,0.0
13,2,1,0.0,0.0
13,2,2,0.0,0.0
13,2,3,0.0,0.0
13,3,0,0.0,0.0
13,3,1,0.0,0.0
13,3,2,0.0,0.0
13,3,3,0.0,0.0
13,4,0,0.0,0.0
13,4,1,0.0,0.0
13,4,2,0.0,0.0
13,4,3,0.0,0.0
13,5,0,0.0,0.0
13,5,1,0.0,0.0
13,5,2,0.0,0.0
13,5,3,0.0,0.0
13,6,0,0.0,0.0
13,6,1,0.0,0.0
13,6,2,0.0,0.0
13,6,3,0.0,0.0
13,7,0,0.0,0.0
13,7,1,0.0,0.0
13,7,2,0.0,0.0
13,7,3,0.0,0.0
13,8,0,0.0,0.0
13,8,1,0.0,0.0
13,8,2,0.0,0.0
13,8,3,0.0,0.0
13,9,0,0.0,0.0
13,9,1,0.0,0.0
13,9,2,0.0,0.0
13,9,3,0.0,0.0
13,10,0,0.0,0.0
13,10,1,0.0,0.0
13,10,2,0.0,0.0
13,10,3,0.0,0.0
13,11,0,0.0,0.0
13,11,1,0.0,0.0
13,11,2,0.0,0.0
13,11,3,0.0,0.0
13,12,0,0.0,0.0
13,12,1,0.0,0.0
13,12,2,0.0,0.0
13,12,3,0.0,0.0
13,13,0,0.0,0.0
13,13,1,0.0,0.0
13,13,2,0.0,0.0
13,13,3,0.0,0.0
13,14,0,0.0,0.0
13,14,1,0.0,0.0
13,14,2,0.0,0.0
13,14,3,0.0,0.0
13,15,0,0.0,0.0
13,15,1,0.0,0.0
13,15,2,0.0,0.0
13,15,3,0.0,0.0
13,16,0,0.0,0.0
13,16,1,0.0,0.0
13,16,2,0.0,0.0
13,16,3,0.0,0.0
13,17,0,0.0,0.0
13,17,1,0.0,0.0
13,17,2,0.0,0.0
13,17,3,0.0,0.0
13,18,0,0.0,0.0
13,18,1,0.0,0.0
13,18,2,0.0,0.0
13,18,3,0.0,0.0
13,19,0,0.0,0.0
13,19,1,0.0,0.0
13,19,2,0.0,0.0
13,19,3,0.0,0.0
13,20,0,0.0,0.0
13,20,1,0.0,0.0
13,20,2,0.0,0.0
13,20,3,0.0,0.0
13,21,0,0.0,0.0
13,21,1,0.0,0.0
13,21,2,0.0,0.0
13,21,3,0.0,0.0
13,22,0,0.0,0.0
13,22,1,0.0,0.0
13,22,2,0.0,0.0
13,22,3,0.0,0.0
13,23,0,0.0,0.0
13,23,1,0.0,0.0
13,23,2,0.0,0.0
13,23,3,0.0,0.0
14,0,0,0.0,0.0
14,0,1,0.0,0.0
14,0,2,0.0,0.0
14,0,3,0.0,0.0
14,1,0,0.0,0.0
14,1,1,0.0,0.0
14,1,2,0.0,0.0
14,1,3,0.0,0.0
14,2,0,0.0,0.0
14,2,1,0.0,0.0
14,2,2,0.0,0.0
14,2,3,0.0,0.0
14,3,0,0.0,0.0
14,3,1,0.0,0.0
14,3,2,0.0,0.0
14,3,3,0.0,0.0
14,4,0,0.0,0.0
14,4,1,0.0,0.0
14,4,2,0.0,0.0
14,4,3,0.0,0.0
14,5,0,0.0,0.0
14,5,1,0.0,0.0
14,5,2,0.0,0.0
14,5,3,0.0,0.0
14,6,0,0.0,0.0
14,6,1,0.0,0.0
14,6,2,0.0,0.0
14,6,3,0.0,0.0
14,7,0,0.0,0.0
14,7,1,0.0,0.0
14,7,2,0.0,0.0
14,7,3,0.0,0.0
14,8,0,0.0,0.0
14,8,1,0.0,0.0
14,8,2,0.0,0.0
14,8,3,0.0,0.0
14,9,0,0.0,0.0
14,9,1,0.0,0.0
14,9,2,0.0,0.0
14,9,3,0.0,0.0
14,10,0,0.0,0.0
14,10,1,0.0,0.0
14,10,2,0.0,0.0
14,10,3,0.0,0.0
14,11,0,0.0,0.0
14,11,1,0.0,0.0
14,11,2,0.0,0.0
14,11,3,0.0,0.0
14,12,0,0.0,0.0
14,12,1,0.0,0.0
14,12,2,0.0,0.0
14,12,3,0.0,0.0
14,13,0,0.0,0.0
14,13,1,0.0,0.0
14,13,2,0.0,0.0
14,13,3,0.0,0.0
14,14,0,0.0,0.0
14,14,1,0.0,0.0
14,14,2,0.0,0.0
14,14,3,0.0,0.0
14,15,0,0.0,0.0
14,15,1,0.0,0.0
14,15,2,0.0,0.0
14,15,3,0.0,0.0
14,16,0,0.0,0.0
14,16,1,0.0,0.0
14,16,2,0.0,0.0
14,16,3,0.0,0.0
14,17,0,0.0,0.0
14,17,1,0.0,0.0
14,17,2,0.0,0.0
14,17,3,0.0,0.0
14,18,0,0.0,0.0
14,18,1,0.0,0.0
14,18,2,0.0,0.0
14,18,3,0.0,0.0
14,19,0,0.0,0.0
14,19,1,0.0,0.0
14,19,2,0.0,0.0
14,19,3,0.0,0.0
14,20,0,0.0,0.0
14,20,1,0.0,0.0
14,20,2,0.0,0.0
14,20,3,0.0,0.0
14,21,0,0.0,0.0
14,21,1,0.0,0.0
14,21,2,0.0,0.0
14,21,3,0.0,0.0
14,22,0,0.0,0.0
14,22,1,0.0,0.0
14,22,2,0.0,0.0
14,22,3,0.0,0.0
14,23,0,0.0,0.0
14,23,1,0.0,0.0
14,23,2,0.0,0.0
14,23,3,0.0,0.0
15,0,0,0.0,0.0
15,0,1,0.0,0.0
15,0,2,0.0,0.0
15,0,3,0.0,0.0
15,1,0,0.0,0.0
15,1,1,0.0,0.0
15,1,2,0.0,0.0
15,1,3,0.0,0.0
15,2,0,0.0,0.0
15,2,1,0.0,0.0
15,2,2,0.0,0.0
15,2,3,0.0,0.0
15,3,0,0.0,0.0
15,3,1,0.0,0.0
15,3,2,0.0,0.0
15,3,3,0.0,0.0
15,4,0,0.0,0.0
15,4,1,0.0,0.0
15,4,2,0.0,0.0
15,4,3,0.0,0.0
15,5,0,0.0,0.0
15,5,1,0.0,0.0
15,5,2,0.0,0.0
15,5,3,0.0,0.0
15,6,0,0.0,0.0
15,6,1,0.0,0.0
15,6,2,0.0,0.0
15,6,3,0.0,0.0
15,7,0,0.0,0.0
15,7,1,0.0,0.0
15,7,2,0.0,0.0
15,7,3,0.0,0.0
15,8,0,0.0,0.0
15,8,1,0.0,0.0
15,8,2,0.0,0.0
15,8,3,0.0,0.0
15,9,0,0.0,0.0
15,9,1,0.0,0.0
15,9,2,0.0,0.0
15,9,3,0.0,0.0
15,10,0,0.0,0.0
15,10,1,0.0,0.0
15,10,2,0.0,0.0
15,10,3,0.0,0.0
15,11,0,0.0,0.0
15,11,1,0.0,0.0
15,11,2,0.0,0.0
15,11,3,0.0,0.0
15,12,0,0.0,0.0
15,12,1,0.0,0.0
15,12,2,0.0,0.0
15,12,3,0.0,0.0
15,13,0,0.0,0.0
15,13,1,0.0,0.0
15,13,2,0.0,0.0
15,13,3,0.0,0.0
15,14,0,0.0,0.0
15,14,1,0.0,0.0
15,14,2,0.0,0.0
15,14,3,0.0,0.0
15,15,0,0.0,0.0
15,15,1,0.0,0.0
15,15,2,0.0,0.0
15,15,3,0.0,0.0
15,16,0,0.0,0.0
15,16,1,0.0,0.0
15,16,2,0.0,0.0
15,16,3,0.0,0.0
15,17,0,0.0,0.0
15,17,1,0.0,0.0
15,17,2,0.0,0.0
15,17,3,0.0,0.0
15,18,0,0.0,0.0
15,18,1,0.0,0.0
15,18,2,0.0,0.0
15,18,3,0.0,0.0
15,19,0,0.0,0.0
15,19,1,0.0,0.0
15,19,2,0.0,0.0
15,19,3,0.0,0.0
15,20,0,0.0,0.0
15,20,1,0.0,0.0
15,20,2,0.0,0.0
15,20,3,0.0,0.0
15,21,0,0.0,0.0
15,21,1,0.0,0.0
15,21,2,0.0,0.0
15,21,3,0.0,0.0
15,22,0,0.0,0.0
15,22,1,0.0,0.0
15,22,2,0.0,0.0
15,22,3,0.0,0.0
15,23,0,0.0,0.0
15,23,1,0.0,0.0
15,23,2,0.0,0.0
15,23,3,0.0,0.0
16,0,0,0.0,0.0
16,0,1,0.0,0.0
16,0,2,0.0,0.0
16,0,3,0.0,0.0
16,1,0,0.0,0.0
16,1,1,0.0,0.0
16,1,2,0.0,0.0
16,1,3,0.0,0.0
16,2,0,0.0,0.0
16,2,1,0.0,0.0
16,2,2,0.0,0.0
16,2,3,0.0,0.0
16,3,0,0.0,0.0
16,3,1,0.0,0.0
16,3,2,0.0,0.0
16,3,3,0.0,0.0
16,4,0,0.0,0.0
16,4,1,0.0,0.0
16,4,2,0.0,0.0
16,4,3,0.0,0.0
16,5,0,0.0,0.0
16,5,1,0.0,0.0
16,5,2,0.0,0.0
16,5,3,0.0,0.0
16,6,0,0.0,0.0
16,6,1,0.0,0.0
16,6,2,0.0,0.0
16,6,3,0.0,0.0
16,7,0,0.0,0.0
16,7,1,0.0,0.0
16,7,2,0.0,0.0
16,7,3,0.0,0.0
16,8,0,0.0,0.0
16,8,1,0.0,0.0
16,8,2,0.0,0.0
16,8,3,0.0,0.0
16,9,0,0.0,0.0
16,9,1,0.0,0.0
16,9,2,0.0,0.0
16,9,3,0.0,0.0
16,10,0,0.0,0.0
16,10,1,0.0,0.0
16,10,2,0.0,0.0
16,10,3,0.0,0.0
16,11,0,0.0,0.0
16,11,1,0.0,0.0
16,11,2,0.0,0.0
16,11,3,0.0,0.0
16,12,0,0.0,0.0
16,12,1,0.0,0.0
16,12,2,0.0,0.0
16,12,3,0.0,0.0
16,13,0,0.0,0.0
16,13,1,0.0,0.0
16,13,2,0.0,0.0
16,13,3,0.0,0.0
16,14,0,0.0,0.0
16,14,1,0.0,0.0
16,14,2,0.0,0.0
16,14,3,0.0,0.0
16,15,0,0.0,0.0
16,15,1,0.0,0.0
16,15,2,0.0,0.0
16,15,3,0.0,0.0
16,16,0,0.0,0.0
16,16,1,0.0,0.0
16,16,2,0.0,0.0
16,16,3,0.0,0.0
16,17,0,0.0,0.0
16,17,1,0.0,0.0
16,17,2,0.0,0.0
16,17,3,0.0,0.0
16,18,0,0.0,0.0
16,18,1,0.0,0.0
16,18,2,0.0,0.0
16,18,3,0.0,0.0
16,19,0,0.0,0.0
16,19,1,0.0,0.0
16,19,2,0.0,0.0
16,19,3,0.0,0.0
16,20,0,0.0,0.0
16,20,1,0.0,0.0
16,20,2,0.0,0.0
16,20,3,0.0,0.0
16,21,0,0.0,0.0
16,21,1,0.0,0.0
16,21,2,0.0,0.0
16,21,3,0.0,0.0
16,22,0,0.0,0.0
16,22,1,0.0,0.0
16,22,2,0.0,0.0
16,22,3,0.0,0.0
16,23,0,0.0,0.0
16,23,1,0.0,0.0
16,23,2,0.0,0.0
16,23,3,0.0,0.0
17,0,0,0.0,0.0
17,0,1,0.0,0.0
17,0,2,0.0,0.0
17,0,3,0.0,0.0
17,1,0,0.0,0.0
17,1,1,0.0,0.0
17,1,2,0.0,0.0
17,1,3,0.0,0.0
17,2,0,0.0,0.0
17,2,1,0.0,0.0
17,2,2,0.0,0.0
17,2,3,0.0,0.0
17,3,0,0.0,0.0
17,3,1,0.0,0.0
17,3,2,0.0,0.0
17,3,3,0.0,0.0
17,4,0,0.0,0.0
17,4,1,0.0,0.0
17,4,2,0.0,0.0
17,4,3,0.0,0.0
17,5,0,0.0,0.0
17,5,1,0.0,0.0
17,5,2,0.0,0.0
17,5,3,0.0,0.0
17,6,0,0.0,0.0
17,6,1,0.0,0.0
17,6,2,0.0,0.0
17,6,3,0.0,0.0
17,7,0,0.0,0.0
17,7,1,0.0,0.0
17,7,2,0.0,0.0
17,7,3,0.0,0.0
17,8,0,0.0,0.0
17,8,1,0.0,0.0
17,8,2,0.0,0.0
17,8,3,0.0,0.0
17,9,0,0.0,0.0
17,9,1,0.0,0.0
17,9,2,0.0,0.0
17,9,3,0.0,0.0
17,10,0,0.0,0.0
17,10,1,0.0,0.0
17,10,2,0.0,0.0
17,10,3,0.0,0.0
17,11,0,0.0,0.0
17,11,1,0.0,0.0
17,11,2,0.0,0.0
17,11,3,0.0,0.0
17,12,0,0.0,0.0
17,12,1,0.0,0.0
17,12,2,0.0,0.0
17,12,3,0.0,0.0
17,13,0,0.0,0.0
17,13,1,0.0,0.0
17,13,2,0.0,0.0
17,13,3,0.0,0.0
17,14,0,0.0,0.0
17,14,1,0.0,0.0
17,14,2,0.0,0.0
17,14,3,0.0,0.0
17,15,0,0.0,0.0
17,15,1,0.0,0.0
17,15,2,0.0,0.0
17,15,3,0.0,0.0
17,16,0,0.0,0.0
17,16,1,0.0,0.0
17,16,2,0.0,0.0
17,16,3,0.0,0.0
17,17,0,0.0,0.0
17,17,1,0.0,0.0
17,17,2,0.0,0.0
17,17,3,0.0,0.0
17,18,0,0.0,0.0
17,18,1,0.0,0.0
17,18,2,0.0,0.0
17,18,3,0.0,0.0
17,19,0,0.0,0.0
17,19,1,0.0,0.0
17,19,2,0.0,0.0
17,19,3,0.0,0.0
17,20,0,0.0,0.0
17,20,1,0.0,0.0
17,20,2,0.0,0.0
17,20,3,0.0,0.0
17,21,0,0.0,0.0
17,21,1,0.0,0.0
17,21,2,0.0,0.0
17,21,3,0.0,0.0
17,22,0,0.0,0.0
17,22,1,0.0,0.0
17,22,2,0.0,0.0
17,22,3,0.0,0.0
17,23,0,0.0,0.0
17,23,1,0.0,0.0
17,23,2,0.0,0.0
17,23,3,0.0,0.0
18,0,0,0.0,0.0
18,0,1,0.0,0.0
18,0,2,0.0,0.0
18,0,3,0.0,0.0
18,1,0,0.0,0.0
18,1,1,0.0,0.0
18,1,2,0.0,0.0
18,1,3,0.0,0.0
18,2,0,0.0,0.0
18,2,1,0.0,0.0
18,2,2,0.0,0.0
18,2,3,0.0,0.0
18,3,0,0.0,0.0
18,3,1,0.0,0.0
18,3,2,0.0,0.0
18,3,3,0.0,0.0
18,4,0,0.0,0.0
18,4,1,0.0,0.0
18,4,2,0.0,0.0
18,4,3,0.0,0.0
18,5,0,0.0,0.0
18,5,1,0.0,0.0
18,5,2,0.0,0.0
18,5,3,0.0,0.0
18,6,0,0.0,0.0
18,6,1,0.0,0.0
18,6,2,0.0,0.0
18,6,3,0.0,0.0
18,7,0,0.0,0.0
18,7,1,0.0,0.0
18,7,2,0.0,0.0
18,7,3,0.0,0.0
18,8,0,0.0,0.0
18,8,1,0.0,0.0
18,8,2,0.0,0.0
18,8,3,0.0,0.0
18,9,0,0.0,0.0
18,9,1,0.0,0.0
18,9,2,0.0,0.0
18,9,3,0.0,0.0
18,10,0,0.0,0.0
18,10,1,0.0,0.0
18,10,2,0.0,0.0
18,10,3,0.0,0.0
18,11,0,0.0,0.0
18,11,1,0.0,0.0
18,11,2,0.0,0.0
18,11,3,0.0,0.0
18,12,0,0.0,0.0
18,12,1,0.0,0.0
18,12,2,0.0,0.0
18,12,3,0.0,0.0
18,13,0,0.0,0.0
18,13,1,0.0,0.0
18,13,2,0.0,0.0
18,13,3,0.0,0.0
18,14,0,0.0,0.0
18,14,1,0.0,0.0
18,14,2,0.0,0.0
18,14,3,0.0,0.0
18,15,0,0.0,0.0
18,15,1,0.0,0.0
18,15,2,0.0,0.0
18,15,3,0.0,0.0
18,16,0,0.0,0.0
18,16,1,0.0,0.0
18,16,2,0.0,0.0
18,16,3,0.0,0.0
18,17,0,0.0,0.0
18,17,1,0.0,0.0
18,17,2,0.0,0.0
18,17,3,0.0,0.0
18,18,0,0.0,0.0
18,18,1,0.0,0.0
18,18,2,0.0,0.0
18,18,3,0.0,0.0
18,19,0,0.0,0.0
18,19,1,0.0,0.0
18,19,2,0.0,0.0
18,19,3,0.0,0.0
18,20,0,0.0,0.0
18,20,1,0.0,0.0
18,20,2,0.0,0.0
18,20,3,0.0,0.0
18,21,0,0.0,0.0
18,21,1,0.0,0.0
18,21,2,0.0,0.0
18,21,3,0.0,0.0
18,22,0,0.0,0.0
18,22,1,0.0,0.0
18,22,2,0.0,0.0
18,22,3,0.0,0.0
18,23,0,0.0,0.0
18,23,1,0.0,0.0
18,23,2,0.0,0.0
18,23,3,0.0,0.0
19,0,0,0.0,0.0
19,0,1,0.0,0.0
19,0,2,0.0,0.0
19,0,3,0.0,0.0
19,1,0,0.0,0.0
19,1,1,0.0,0.0
19,1,2,0.0,0.0
19,1,3,0.0,0.0
19,2,0,0.0,0.0
19,2,1,0.0,0.0
19,2,2,0.0,0.0
19,2,3,0.0,0.0
19,3,0,0.0,0.0
19,3,1,0.0,0.0
19,3,2,0.0,0.0
19,3,3,0.0,0.0
19,4,0,0.0,0.0
19,4,1,0.0,0.0
19,4,2,0.0,0.0
19,4,3,0.0,0.0
19,5,0,0.0,0.0
19,5,1,0.0,0.0
19,5,2,0.0,0.0
19,5,3,0.0,0.0
19,6,0,0.0,0.0
19,6,1,0.0,0.0
19,6,2,0.0,0.0
19,6,3,0.0,0.0
19,7,0,0.0,0.0
19,7,1,0.0,0.0
19,7,2,0.0,0.0
19,7,3,0.0,0.0
19,8,0,0.0,0.0
19,8,1,0.0,0.0
19,8,2,0.0,0.0
19,8,3,0.0,0.0
19,9,0,0.0,0.0
19,9,1,0.0,0.0
19,9,2,0.0,0.0
19,9,3,0.0,0.0
19,10,0,0.0,0.0
19,10,1,0.0,0.0
19,10,2,0.0,0.0
19,10,3,0.0,0.0
19,11,0,0.0,0.0
19,11,1,0.0,0.0
19,11,2,0.0,0.0
19,11,3,0.0,0.0
19,12,0,0.0,0.0
19,12,1,0.0,0.0
19,12,2,0.0,0.0
19,12,3,0.0,0.0
19,13,0,0.0,0.0
19,13,1,0.0,0.0
19,13,2,0.0,0.0
19,13,3,0.0,0.0
19,14,0,0.0,0.0
19,14,1,0.0,0.0
19,14,2,0.0,0.0
19,14,3,0.0,0.0
19,15,0,0.0,0.0
19,15,1,0.0,0.0
19,15,2,0.0,0.0
19,15,3,0.0,0.0
19,16,0,0.0,0.0
19,16,1,0.0,0.0
19,16,2,0.0,0.0
19,16,3,0.0,0.0
19,17,0,0.0,0.0
19,17,1,0.0,0.0
19,17,2,0.0,0.0
19,17,3,0.0,0.0
19,18,0,0.0,0.0
19,18,1,0.0,0.0
19,18,2,0.0,0.0
19,18,3,0.0,0.0
19,19,0,0.0,0.0
19,19,1,0.0,0.0
19,19,2,0.0,0.0
19,19,3,0.0,0.0
19,20,0,0.0,0.0
19,20,1,0.0,0.0
19,20,2,0.0,0.0
19,20,3,0.0,0.0
19,21,0,0.0,0.0
19,21,1,0.0,0.0
19,21,2,0.0,0.0
19,21,3,0.0,0.0
19,22,0,0.0,0.0
19,22,1,0.0,0.0
19,22,2,0.0,0.0
19,22,3,0.0,0.0
19,23,0,0.0,0.0
19,23,1,0.0,0.0
19,23,2,0.0,0.0
19,23,3,0.0,0.0
20,0,0,0.0,0.0
20,0,1,0.0,0.0
20,0,2,0.0,0.0
20,0,3,0.0,0.0
20,1,0,0.0,0.0
20,1,1,0.0,0.0
20,1,2,0.0,0.0
20,1,3,0.0,0.0
20,2,0,0.0,0.0
20,2,1,0.0,0.0
20,2,2,0.0,0.0
20,2,3,0.0,0.0
20,3,0,0.0,0.0
20,3,1,0.0,0.0
20,3,2,0.0,0.0
20,3,3,0.0,0.0
20,4,0,0.0,0.0
20,4,1,0.0,0.0
20,4,2,0.0,0.0
20,4,3,0.0,0.0
20,5,0,0.0,0.0
20,5,1,0.0,0.0
20,5,2,0.0,0.0
20,5,3,0.0,0.0
20,6,0,0.0,0.0
20,6,1,0.0,0.0
20,6,2,0.0,0.0
20,6,3,0.0,0.0
20,7,0,0.0,0.0
20,7,1,0.0,0.0
20,7,2,0.0,0.0
20,7,3,0.0,0.0
20,8,0,0.0,0.0
20,8,1,0.0,0.0
20,8,2,0.0,0.0
20,8,3,0.0,0.0
20,9,0,0.0,0.0
20,9,1,0.0,0.0
20,9,2,0.0,0.0
20,9,3,0.0,0.0
20,10,0,0.0,0.0
20,10,1,0.0,0.0
20,10,2,0.0,0.0
20,10,3,0.0,0.0
20,11,0,0.0,0.0
20,11,1,0.0,0.0
20,11,2,0.0,0.0
20,11,3,0.0,0.0
20,12,0,0.0,0.0
20,12,1,0.0,0.0
20,12,2,0.0,0.0
20,12,3,0.0,0.0
20,13,0,0.0,0.0
20,13,1,0.0,0.0
20,13,2,0.0,0.0
20,13,3,0.0,0.0
20,14,0,0.0,0.0
20,14,1,0.0,0.0
20,14,2,0.0,0.0
20,14,3,0.0,0.0
20,15,0,0.0,0.0
20,15,1,0.0,0.0
20,15,2,0.0,0.0
20,15,3,0.0,0.0
20,16,0,0.0,0.0
20,16,1,0.0,0.0
20,16,2,0.0,0.0
20,16,3,0.0,0.0
20,17,0,0.0,0.0
20,17,1,0.0,0.0
20,17,2,0.0,0.0
20,17,3,0.0,0.0
20,18,0,0.0,0.0
20,18,1,0.0,0.0
20,18,2,0.0,0.0
20,18,3,0.0,0.0
20,19,0,0.0,0.0
20,19,1,0.0,0.0
20,19,2,0.0,0.0
20,19,3,0.0,0.0
20,20,0,0.0,0.0
20,20,1,0.0,0.0
20,20,2,0.0,0.0
20,20,3,0.0,0.0
20,21,0,0.0,0.0
20,21,1,0.0,0.0
20,21,2,0.0,0.0
20,21,3,0.0,0.0
20,22,0,0.0,0.0
20,22,1,0.0,0.0
20,22,2,0.0,0.0
20,22,3,0.0,0.0
20,23,0,0.0,0.0
20,23,1,0.0,0.0
20,23,2,0.0,0.0
20,23,3,0.0,0.0
21,0,0,0.0,0.0
21,0,1,0.0,0.0
21,0,2,0.0,0.0
21,0,3,0.0,0.0
21,1,0,0.0,0.0
21,1,1,0.0,0.0
21,1,2,0.0,0.0
21,1,3,0.0,0.0
21,2,0,0.0,0.0
21,2,1,0.0,0.0
21,2,2,0.0,0.0
21,2,3,0.0,0.0
21,3,0,0.0,0.0
21,3,1,0.0,0.0
21,3,2,0.0,0.0
21,3,3,0.0,0.0
21,4,0,0.0,0.0
21,4,1,0.0,0.0
21,4,2,0.0,0.0
21,4,3,0.0,0.0
21,5,0,0.0,0.0
21,5,1,0.0,0.0
21,5,2,0.0,0.0
21,5,3,0.0,0.0
21,6,0,0.0,0.0
21,6,1,0.0,0.0
21,6,2,0.0,0.0
21,6,3,0.0,0.0
21,7,0,0.0,0.0
21,7,1,0.0,0.0
21,7,2,0.0,0.0
21,7,3,0.0,0.0
21,8,0,0.0,0.0
21,8,1,0.0,0.0
21,8,2,0.0,0.0
21,8,3,0.0,0.0
21,9,0,0.0,0.0
21,9,1,0.0,0.0
21,9,2,0.0,0.0
21,9,3,0.0,0.0
21,10,0,0.0,0.0
21,10,1,0.0,0.0
21,10,2,0.0,0.0
21,10,3,0.0,0.0
21,11,0,0.0,0.0
21,11,1,0.0,0.0
21,11,2,0.0,0.0
21,11,3,0.0,0.0
21,12,0,0.0,0.0
21,12,1,0.0,0.0
21,12,2,0.0,0.0
21,12,3,0.0,0.0
21,13,0,0.0,0.0
21,13,1,0.0,0.0
21,13,2,0.0,0.0
21,13,3,0.0,0.0
21,14,0,0.0,0.0
21,14,1,0.0,0.0
21,14,2,0.0,0.0
21,14,3,0.0,0.0
21,15,0,0.0,0.0
21,15,1,0.0,0.0
21,15,2,0.0,0.0
21,15,3,0.0,0.0
21,16,0,0.0,0.0
21,16,1,0.0,0.0
21,16,2,0.0,0.0
21,16,3,0.0,0.0
21,17,0,0.0,0.0
21,17,1,0.0,0.0
21,17,2,0.0,0.0
21,17,3,0.0,0.0
21,18,0,0.0,0.0
21,18,1,0.0,0.0
21,18,2,0.0,0.0
21,18,3,0.0,0.0
21,19,0,0.0,0.0
21,19,1,0.0,0.0
21,19,2,0.0,0.0
21,19,3,0.0,0.0
21,20,0,0.0,0.0
21,20,1,0.0,0.0
21,20,2,0.0,0.0
21,20,3,0.0,0.0
21,21,0,0.0,0.0
21,21,1,0.0,0.0
21,21,2,0.0,0.0
21,21,3,0.0,0.0
21,22,0,0.0,0.0
21,22,1,0.0,0.0
21,22,2,0.0,0.0
21,22,3,0.0,0.0
21,23,0,0.0,0.0
21,23,1,0.0,0.0
21,23,2,0.0,0.0
21,23,3,0.0,0.0
22,0,0,0.0,0.0
22,0,1,0.0,0.0
22,0,2,0.0,0.0
22,0,3,0.0,0.0
22,1,0,0.0,0.0
22,1,1,0.0,0.0
22,1,2,0.0,0.0
22,1,3,0.0,0.0
22,2,0,0.0,0.0
22,2,1,0.0,0.0
22,2,2,0.0,0.0
22,2,3,0.0,0.0
22,3,0,0.0,0.0
22,3,1,0.0,0.0
22,3,2,0.0,0.0
22,3,3,0.0,0.0
22,4,0,0.0,0.0
22,4,1,0.0,0.0
22,4,2,0.0,0.0
22,4,3,0.0,0.0
22,5,0,0.0,0.0
22,5,1,0.0,0.0
22,5,2,0.0,0.0
22,5,3,0.0,0.0
22,6,0,0.0,0.0
22,6,1,0.0,0.0
22,6,2,0.0,0.0
22,6,3,0.0,0.0
22,7,0,0.0,0.0
22,7,1,0.0,0.0
22,7,2,0.0,0.0
22,7,3,0.0,0.0
22,8,0,0.0,0.0
22,8,1,0.0,0.0
22,8,2,0.0,0.0
22,8,3,0.0,0.0
22,9,0,0.0,0.0
22,9,1,0.0,0.0
22,9,2,0.0,0.0
22,9,3,0.0,0.0
22,10,0,0.0,0.0
22,10,1,0.0,0.0
22,10,2,0.0,0.0
22,10,3,0.0,0.0
22,11,0,0.0,0.0
22,11,1,0.0,0.0
22,11,2,0.0,0.0
22,11,3,0.0,0.0
22,12,0,0.0,0.0
22,12,1,0.0,0.0
22,12,2,0.0,0.0
22,12,3,0.0,0.0
22,13,0,0.0,0.0
22,13,1,0.0,0.0
22,13,2,0.0,0.0
22,13,3,0.0,0.0
22,14,0,0.0,0.0
22,14,1,0.0,0.0
22,14,2,0.0,0.0
22,14,3,0.0,0.0
22,15,0,0.0,0.0
22,15,1,0.0,0.0
22,15,2,0.0,0.0
22,15,3,0.0,0.0
22,16,0,0.0,0.0
22,16,1,0.0,0.0
22,16,2,0.0,0.0
22,16,3,0.0,0.0
22,17,0,0.0,0.0
22,17,1,0.0,0.0
22,17,2,0.0,0.0
22,17,3,0.0,0.0
22,18,0,0.0,0.0
22,18,1,0.0,0.0
22,18,2,0.0,0.0
22,18,3,0.0,0.0
22,19,0,0.0,0.0
22,19,1,0.0,0.0
22,19,2,0.0,0.0
22,19,3,0.0,0.0
22,20,0,0.0,0.0
22,20,1,0.0,0.0
22,20,2,0.0,0.0
22,20,3,0.0,0.0
22,21,0,0.0,0.0
22,21,1,0.0,0.0
22,21,2,0.0,0.0
22,21,3,0.0,0.0
22,22,0,0.0,0.0
22,22,1,0.0,0.0
22,22,2,0.0,0.0
22,22,3,0.0,0.0
22,23,0,0.0,0.0
22,23,1,0.0,0.0
22,23,2,0.0,0.0
22,23,3,0.0,0.0
23,0,0,0.0,0.0
23,0,1,0.0,0.0
23,0,2,0.0,0.0
23,0,3,0.0,0.0
23,1,0,0.0,0.0
23,1,1,0.0,0.0
23,1,2,0.0,0.0
23,1,3,0.0,0.0
23,2,0,0.0,0.0
23,2,1,0.0,0.0
23,2,2,0.0,0.0
23,2,3,0.0,0.0
23,3,0,0.0,0.0
23,3,1,0.0,0.0
23,3,2,0.0,0.0
23,3,3,0.0,0.0
23,4,0,0.0,0.0
23,4,1,0.0,0.0
23,4,2,0.0,0.0
23,4,3,0.0,0.0
23,5,0,0.0,0.0
23,5,1,0.0,0.0
23,5,2,0.0,0.0
23,5,3,0.0,0.0
23,6,0,0.0,0.0
23,6,1,0.0,0.0
23,6,2,0.0,0.0
23,6,3,0.0,0.0
23,7,0,0.0,0.0
23,7,1,0.0,0.0
23,7,2,0.0,0.0
23,7,3,0.0,0.0
23,8,0,0.0,0.0
23,8,1,0.0,0.0
23,8,2,0.0,0.0
23,8,3,0.0,0.0
23,9,0,0.0,0.0
23,9,1,0.0,0.0
23,9,2,0.0,0.0
23,9,3,0.0,0.0
23,10,0,0.0,0.0
23,10,1,0.0,0.0
23,10,2,0.0,0.0
23,10,3,0.0,0.0
23,11,0,0.0,0.0
23,11,1,0.0,0.0
23,11,2,0.0,0.0
23,11,3,0.0,0.0
23,12,0,0.0,0.0
23,12,1,0.0,0.0
23,12,2,0.0,0.0
23,12,3,0.0,0.0
23,13,0,0.0,0.0
23,13,1,0.0,0.0
23,13,2,0.0,0.0
23,13,3,0.0,0.0
23,14,0,0.0,0.0
23,14,1,0.0,0.0
23,14,2,0.0,0.0
23,14,3,0.0,0.0
23,15,0,0.0,0.0
23,15,1,0.0,0.0
23,15,2,0.0,0.0
23,15,3,0.0,0.0
23,16,0,0.0,0.0
23,16,1,0.0,0.0
23,16,2,0.0,0.0
23,16,3,0.0,0.0
23,17,0,0.0,0.0
23,17,1,0.0,0.0
23,17,2,0.0,0.0
23,17,3,0.0,0.0
23,18,0,0.0,0.0
23,18,1,0.0,0.0
23,18,2,0.0,0.0
23,18,3,0.0,0.0
23,19,0,0.0,0.0
23,19,1,0.0,0.0
23,19,2,0.0,0.0
23,19,3,0.0,0.0
23,20,0,0.0,0.0
23,20,1,0.0,0.0
23,20,2,0.0,0.0
23,20,3,0.0,0.0
23,21,0,0.0,0.0
23,21,1,0.0,0.0
23,21,2,0.0,0.0
23,21,3,0.0,0.0
23,22,0,0.0,0.0
23,22,1,0.0,0.0
23,22,2,0.0,0.0
23,22,3,0.0,0.0
23,23,0,0.0,0.0
23,23,1,0.0,0.0
23,23,2,0.0,0.0
23,23,3,0.0,0.0
24,0,0,0.0,0.0
24,0,1,0.0,0.0
24,0,2,0.0,0.0
24,0,3,0.0,0.0
24,1,0,0.0,0.0
24,1,1,0.0,0.0
24,1,2,0.0,0.0
24,1,3,0.0,0.0
24,2,0,0.0,0.0
24,2,1,0.0,0.0
24,2,2,0.0,0.0
24,2,3,0.0,0.0
24,3,0,0.0,0.0
24,3,1,0.0,0.0
24,3,2,0.0,0.0
24,3,3,0.0,0.0
24,4,0,0.0,0.0
24,4,1,0.0,0.0
24,4,2,0.0,0.0
24,4,3,0.0,0.0
24,5,0,0.0,0.0
24,5,1,0.0,0.0
24,5,2,0.0,0.0
24,5,3,0.0,0.0
24,6,0,0.0,0.0
24,6,1,0.0,0.0
24,6,2,0.0,0.0
24,6,3,0.0,0.0
24,7,0,0.0,0.0
24,7,1,0.0,0.0
24,7,2,0.0,0.0
24,7,3,0.0,0.0
24,8,0,0.0,0.0
24,8,1,0.0,0.0
24,8,2,0.0,0.0
24,8,3,0.0,0.0
24,9,0,0.0,0.0
24,9,1,0.0,0.0
24,9,2,0.0,0.0
24,9,3,0.0,0.0
24,10,0,0.0,0.0
24,10,1,0.0,0.0
24,10,2,0.0,0.0
24,10,3,0.0,0.0
24,11,0,0.0,0.0
24,11,1,0.0,0.0
24,11,2,0.0,0.0
24,11,3,0.0,0.0
24,12,0,0.0,0.0
24,12,1,0.0,0.0
24,12,2,0.0,0.0
24,12,3,0.0,0.0
24,13,0,0.0,0.0
24,13,1,0.0,0.0
24,13,2,0.0,0.0
24,13,3,0.0,0.0
24,14,0,0.0,0.0
24,14,1,0.0,0.0
24,14,2,0.0,0.0
24,14,3,0.0,0.0
24,15,0,0.0,0.0
24,15,1,0.0,0.0
24,15,2,0.0,0.0
24,15,3,0.0,0.0
24,16,0,0.0,0.0
24,16,1,0.0,0.0
24,16,2,0.0,0.0
24,16,3,0.0,0.0
24,17,0,0.0,0.0
24,17,1,0.0,0.0
24,17,2,0.0,0.0
24,17,3,0.0,0.0
24,18,0,0.0,0.0
24,18,1,0.0,0.0
24,18,2,0.0,0.0
24,18,3,0.0,0.0
24,19,0,0.0,0.0
24,19,1,0.0,0.0
24,19,2,0.0,0.0
24,19,3,0.0,0.0
24,20,0,0.0,0.0
24,20,1,0.0,0.0
24,20,2,0.0,0.0
24,20,3,0.0,0.0
24,21,0,0.0,0.0
24,21,1,0.0,0.0
24,21,2,0.0,0.0
24,21,3,0.0,0.0
24,22,0,0.0,0.0
24,22,1,0.0,0.0
24,22,2,0.0,0.0
24,22,3,0.0,0.0
24,23,0,0.0,0.0
24,23,1,0.0,0.0
24,23,2,0.0,0.0
24,23,3,0.0,0.0
25,0,0,0.0,0.0
25,0,1,0.0,0.0
25,0,2,0.0,0.0
25,0,3,0.0,0.0
25,1,0,0.0,0.0
25,1,1,0.0,0.0
25,1,2,0.0,0.0
25,1,3,0.0,0.0
25,2,0,0.0,0.0
25,2,1,0.0,0.0
25,2,2,0.0,0.0
25,2,3,0.0,0.0
25,3,0,0.0,0.0
25,3,1,0.0,0.0
25,3,2,0.0,0.0
25,3,3,0.0,0.0
25,4,0,0.0,0.0
25,4,1,0.0,0.0
25,4,2,0.0,0.0
25,4,3,0.0,0.0
25,5,0,0.0,0.0
25,5,1,0.0,0.0
25,5,2,0.0,0.0
25,5,3,0.0,0.0
25,6,0,0.0,0.0
25,6,1,0.0,0.0
25,6,2,0.0,0.0
25,6,3,0.0,0.0
25,7,0,0.0,0.0
25,7,1,0.0,0.0
25,7,2,0.0,0.0
25,7,3,0.0,0.0
25,8,0,0.0,0.0
25,8,1,0.0,0.0
25,8,2,0.0,0.0
25,8,3,0.0,0.0
25,9,0,0.0,0.0
25,9,1,0.0,0.0
25,9,2,0.0,0.0
25,9,3,0.0,0.0
25,10,0,0.0,0.0
25,10,1,0.0,0.0
25,10,2,0.0,0.0
25,10,3,0.0,0.0
25,11,0,0.0,0.0
25,11,1,0.0,0.0
25,11,2,0.0,0.0
25,11,3,0.0,0.0
25,12,0,0.0,0.0
25,12,1,0.0,0.0
25,12,2,0.0,0.0
25,12,3,0.0,0.0
25,13,0,0.0,0.0
25,13,1,0.0,0.0
25,13,2,0.0,0.0
25,13,3,0.0,0.0
25,14,0,0.0,0.0
25,14,1,0.0,0.0
25,14,2,0.0,0.0
25,14,3,0.0,0.0
25,15,0,0.0,0.0
25,15,1,0.0,0.0
25,15,2,0.0,0.0
25,15,3,0.0,0.0
25,16,0,0.0,0.0
25,16,1,0.0,0.0
25,16,2,0.0,0.0
25,16,3,0.0,0.0
25,17,0,0.0,0.0
25,17,1,0.0,0.0
25,17,2,0.0,0.0
25,17,3,0.0,0.0
25,18,0,0.0,0.0
25,18,1,0.0,0.0
25,18,2,0.0,0.0
25,18,3,0.0,0.0
25,19,0,0.0,0.0
25,19,1,0.0,0.0
25,19,2,0.0,0.0
25,19,3,0.0,0.0
25,20,0,0.0,0.0
25,20,1,0.0,0.0
25,20,2,0.0,0.0
25,20,3,0.0,0.0
25,21,0,0.0,0.0
25,21,1,0.0,0.0
25,21,2,0.0,0.0
25,21,3,0.0,0.0
25,22,0,0.0,0.0
25,22,1,0.0,0.0
25,22,2,0.0,0.0
25,22,3,0.0,0.0
25,23,0,0.0,0.0
25,23,1,0.0,0.0
25,23,2,0.0,0.0
25,23,3,0.0,0.0
26,0,0,0.0,0.0
26,0,1,0.0,0.0
26,0,2,0.0,0.0
26,0,3,0.0,0.0
26,1,0,0.0,0.0
26,1,1,0.0,0.0
26,1,2,0.0,0.0
26,1,3,0.0,0.0
26,2,0,0.0,0.0
26,2,1,0.0,0.0
26,2,2,0.0,0.0
26,2,3,0.0,0.0
26,3,0,0.0,0.0
26,3,1,0.0,0.0
26,3,2,0.0,0.0
26,3,3,0.0,0.0
26,4,0,0.0,0.0
26,4,1,0.0,0.0
26,4,2,0.0,0.0
26,4,3,0.0,0.0
26,5,0,0.0,0.0
26,5,1,0.0,0.0
26,5,2,0.0,0.0
26,5,3,0.0,0.0
26,6,0,0.0,0.0
26,6,1,0.0,0.0
26,6,2,0.0,0.0
26,6,3,0.0,0.0
26,7,0,0.0,0.0
26,7,1,0.0,0.0
26,7,2,0.0,0.0
26,7,3,0.0,0.0
26,8,0,0.0,0.0
26,8,1,0.0,0.0
26,8,2,0.0,0.0
26,8,3,0.0,0.0
26,9,0,0.0,0.0
26,9,1,0.0,0.0
26,9,2,0.0,0.0
26,9,3,0.0,0.0
26,10,0,0.0,0.0
26,10,1,0.0,0.0
26,10,2,0.0,0.0
26,10,3,0.0,0.0
26,11,0,0.0,0.0
26,11,1,0.0,0.0
26,11,2,0.0,0.0
26,11,3,0.0,0.0
26,12,0,0.0,0.0
26,12,1,0.0,0.0
26,12,2,0.0,0.0
26,12,3,0.0,0.0
26,13,0,0.0,0.0
26,13,1,0.0,0.0
26,13,2,0.0,0.0
26,13,3,0.0,0.0
26,14,0,0.0,0.0
26,14,1,0.0,0.0
26,14,2,0.0,0.0
26,14,3,0.0,0.0
26,15,0,0.0,0.0
26,15,1,0.0,0.0
26,15,2,0.0,0.0
26,15,3,0.0,0.0
26,16,0,0.0,0.0
26,16,1,0.0,0.0
26,16,2,0.0,0.0
26,16,3,0.0,0.0
26,17,0,0.0,0.0
26,17,1,0.0,0.0
26,17,2,0.0,0.0
26,17,3,0.0,0.0
26,18,0,0.0,0.0
26,18,1,0.0,0.0
26,18,2,0.0,0.0
26,18,3,0.0,0.0
26,19,0,0.0,0.0
26,19,1,0.0,0.0
26,19,2,0.0,0.0
26,19,3,0.0,0.0
26,20,0,0.0,0.0
26,20,1,0.0,0.0
26,20,2,0.0,0.0
26,20,3,0.0,0.0
26,21,0,0.0,0.0
26,21,1,0.0,0.0
26,21,2,0.0,0.0
26,21,3,0.0,0.0
26,22,0,0.0,0.0
26,22,1,0.0,0.0
26,22,2,0.0,0.0
26,22,3,0.0,0.0
26,23,0,0.0,0.0
26,23,1,0.0,0.0
26,23,2,0.0,0.0
26,23,3,0.0,0.0
27,0,0,0.0,0.0
27,0,1,0.0,0.0
27,0,2,0.0,0.0
27,0,3,0.0,0.0
27,1,0,0.0,0.0
27,1,1,0.0,0.0
27,1,2,0.0,0.0
27,1,3,0.0,0.0
27,2,0,0.0,0.0
27,2,1,0.0,0.0
27,2,2,0.0,0.0
27,2,3,0.0,0.0
27,3,0,0.0,0.0
27,3,1,0.0,0.0
27,3,2,0.0,0.0
27,3,3,0.0,0.0
27,4,0,0.0,0.0
27,4,1,0.0,0.0
27,4,2,0.0,0.0
27,4,3,0.0,0.0
27,5,0,0.0,0.0
27,5,1,0.0,0.0
27,5,2,0.0,0.0
27,5,3,0.0,0.0
27,6,0,0.0,0.0
27,6,1,0.0,0.0
27,6,2,0.0,0.0
27,6,3,0.0,0.0
27,7,0,0.0,0.0
27,7,1,0.0,0.0
27,7,2,0.0,0.0
27,7,3,0.0,0.0
27,8,0,0.0,0.0
27,8,1,0.0,0.0
27,8,2,0.0,0.0
27,8,3,0.0,0.0
27,9,0,0.0,0.0
27,9,1,0.0,0.0
27,9,2,0.0,0.0
27,9,3,0.0,0.0
27,10,0,0.0,0.0
27,10,1,0.0,0.0
27,10,2,0.0,0.0
27,10,3,0.0,0.0
27,11,0,0.0,0.0
27,11,1,0.0,0.0
27,11,2,0.0,0.0
27,11,3,0.0,0.0
27,12,0,0.0,0.0
27,12,1,0.0,0.0
27,12,2,0.0,0.0
27,12,3,0.0,0.0
27,13,0,0.0,0.0
27,13,1,0.0,0.0
27,13,2,0.0,0.0
27,13,3,0.0,0.0
27,14,0,0.0,0.0
27,14,1,0.0,0.0
27,14,2,0.0,0.0
27,14,3,0.0,0.0
27,15,0,0.0,0.0
27,15,1,0.0,0.0
27,15,2,0.0,0.0
27,15,3,0.0,0.0
27,16,0,0.0,0.0
27,16,1,0.0,0.0
27,16,2,0.0,0.0
27,16,3,0.0,0.0
27,17,0,0.0,0.0
27,17,1,0.0,0.0
27,17,2,0.0,0.0
27,17,3,0.0,0.0
27,18,0,0.0,0.0
27,18,1,0.0,0.0
27,18,2,0.0,0.0
27,18,3,0.0,0.0
27,19,0,0.0,0.0
27,19,1,0.0,0.0
27,19,2,0.0,0.0
27,19,3,0.0,0.0
27,20,0,0.0,0.0
27,20,1,0.0,0.0
27,20,2,0.0,0.0
27,20,3,0.0,0.0
27,21,0,0.0,0.0
27,21,1,0.0,0.0
27,21,2,0.0,0.0
27,21,3,0.0,0.0
27,22,0,0.0,0.0
27,22,1,0.0,0.0
27,22,2,0.0,0.0
27,22,3,0.0,0.0
27,23,0,0.0,0.0
27,23,1,0.0,0.0
27,23,2,0.0,0.0
27,23,3,0.0,0.0
28,0,0,0.0,0.0
28,0,1,0.0,0.0
28,0,2,0.0,0.0
28,0,3,0.0,0.0
28,1,0,0.0,0.0
28,1,1,0.0,0.0
28,1,2,0.0,0.0
28,1,3,0.0,0.0
28,2,0,0.0,0.0
28,2,1,0.0,0.0
28,2,2,0.0,0.0
28,2,3,0.0,0.0
28,3,0,0.0,0.0
28,3,1,0.0,0.0
28,3,2,0.0,0.0
28,3,3,0.0,0.0
28,4,0,0.0,0.0
28,4,1,0.0,0.0
28,4,2,0.0,0.0
28,4,3,0.0,0.0
28,5,0,0.0,0.0
28,5,1,0.0,0.0
28,5,2,0.0,0.0
28,5,3,0.0,0.0
28,6,0,0.0,0.0
28,6,1,0.0,0.0
28,6,2,0.0,0.0
28,6,3,0.0,0.0
28,7,0,0.0,0.0
28,7,1,0.0,0.0
28,7,2,0.0,0.0
28,7,3,0.0,0.0
28,8,0,0.0,0.0
28,8,1,0.0,0.0
28,8,2,0.0,0.0
28,8,3,0.0,0.0
28,9,0,0.0,0.0
28,9,1,0.0,0.0
28,9,2,0.0,0.0
28,9,3,0.0,0.0
28,10,0,0.0,0.0
28,10,1,0.0,0.0
28,10,2,0.0,0.0
28,10,3,0.0,0.0
28,11,0,0.0,0.0
28,11,1,0.0,0.0
28,11,2,0.0,0.0
28,11,3,0.0,0.0
28,12,0,0.0,0.0
28,12,1,0.0,0.0
28,12,2,0.0,0.0
28,12,3,0.0,0.0
28,13,0,0.0,0.0
28,13,1,0.0,0.0
28,13,2,0.0,0.0
28,13,3,0.0,0.0
28,14,0,0.0,0.0
28,14,1,0.0,0.0
28,14,2,0.0,0.0
28,14,3,0.0,0.0
28,15,0,0.0,0.0
28,15,1,0.0,0.0
28,15,2,0.0,0.0
28,15,3,0.0,0.0
28,16,0,0.0,0.0
28,16,1,0.0,0.0
28,16,2,0.0,0.0
28,16,3,0.0,0.0
28,17,0,0.0,0.0
28,17,1,0.0,0.0
28,17,2,0.0,0.0
28,17,3,0.0,0.0
28,18,0,0.0,0.0
28,18,1,0.0,0.0
28,18,2,0.0,0.0
28,18,3,0.0,0.0
28,19,0,0.0,0.0
28,19,1,0.0,0.0
28,19,2,0.0,0.0
28,19,3,0.0,0.0
28,20,0,0.0,0.0
28,20,1,0.0,0.0
28,20,2,0.0,0.0
28,20,3,0.0,0.0
28,21,0,0.0,0.0
28,21,1,0.0,0.0
28,21,2,0.0,0.0
28,21,3,0.0,0.0
28,22,0,0.0,0.0
28,22,1,0.0,0.0
28,22,2,0.0,0.0
28,22,3,0.0,0.0
28,23,0,0.0,0.0
28,23,1,0.0,0.0
28,23,2,0.0,0.0
28,23,3,0.0,0.0
29,0,0,0.0,0.0
29,0,1,0.0,0.0
29,0,2,0.0,0.0
29,0,3,0.0,0.0
29,1,0,0.0,0.0
29,1,1,0.0,0.0
29,1,2,0.0,0.0
29,1,3,0.0,0.0
29,2,0,0.0,0.0
29,2,1,0.0,0.0
29,2,2,0.0,0.0
29,2,3,0.0,0.0
29,3,0,0.0,0.0
29,3,1,0.0,0.0
29,3,2,0.0,0.0
29,3,3,0.0,0.0
29,4,0,0.0,0.0
29,4,1,0.0,0.0
29,4,2,0.0,0.0
29,4,3,0.0,0.0
29,5,0,0.0,0.0
29,5,1,0.0,0.0
29,5,2,0.0,0.0
29,5,3,0.0,0.0
29,6,0,0.0,0.0
29,6,1,0.0,0.0
29,6,2,0.0,0.0
29,6,3,0.0,0.0
29,7,0,0.0,0.0
29,7,1,0.0,0.0
29,7,2,0.0,0.0
29,7,3,0.0,0.0
29,8,0,0.0,0.0
29,8,1,0.0,0.0
29,8,2,0.0,0.0
29,8,3,0.0,0.0
29,9,0,0.0,0.0
29,9,1,0.0,0.0
29,9,2,0.0,0.0
29,9,3,0.0,0.0
29,10,0,0.0,0.0
29,10,1,0.0,0.0
29,10,2,0.0,0.0
29,10,3,0.0,0.0
29,11,0,0.0,0.0
29,11,1,0.0,0.0
29,11,2,0.0,0.0
29,11,3,0.0,0.0
29,12,0,0.0,0.0
29,12,1,0.0,0.0
29,12,2,0.0,0.0
29,12,3,0.0,0.0
29,13,0,0.0,0.0
29,13,1,0.0,0.0
29,13,2,0.0,0.0
29,13,3,0.0,0.0
29,14,0,0.0,0.0
29,14,1,0.0,0.0
29,14,2,0.0,0.0
29,14,3,0.0,0.0
29,15,0,0.0,0.0
29,15,1,0.0,0.0
29,15,2,0.0,0.0
29,15,3,0.0,0.0
29,16,0,0.0,0.0
29,16,1,0.0,0.0
29,16,2,0.0,0.0
29,16,3,0.0,0.0
29,17,0,0.0,0.0
29,17,1,0.0,0.0
29,17,2,0.0,0.0
29,17,3,0.0,0.0
29,18,0,0.0,0.0
29,18,1,0.0,0.0
29,18,2,0.0,0.0
29,18,3,0.0,0.0
29,19,0,0.0,0.0
29,19,1,0.0,0.0
29,19,2,0.0,0.0
29,19,3,0.0,0.0
29,20,0,0.0,0.0
29,20,1,0.0,0.0
29,20,2,0.0,0.0
29,20,3,0.0,0.0
29,21,0,0.0,0.0
29,21,1,0.0,0.0
29,21,2,0.0,0.0
29,21,3,0.0,0.0
29,22,0,0.0,0.0
29,22,1,0.0,0.0
29,22,2,0.0,0.0
29,22,3,0.0,0.0
29,23,0,0.0,0.0
29,23,1,0.0,0.0
29,23,2,0.0,0.0
29,23,3,0.0,0.0
30,0,0,0.0,0.0
30,0,1,0.0,0.0
30,0,2,0.0,0.0
30,0,3,0.0,0.0
30,1,0,0.0,0.0
30,1,1,0.0,0.0
30,1,2,0.0,0.0
30,1,3,0.0,0.0
30,2,0,0.0,0.0
30,2,1,0.0,0.0
30,2,2,0.0,0.0
30,2,3,0.0,0.0
30,3,0,0.0,0.0
30,3,1,0.0,0.0
30,3,2,0.0,0.0
30,3,3,0.0,0.0
30,4,0,0.0,0.0
30,4,1,0.0,0.0
30,4,2,0.0,0.0
30,4,3,0.0,0.0
30,5,0,0.0,0.0
30,5,1,0.0,0.0
30,5,2,0.0,0.0
30,5,3,0.0,0.0
30,6,0,0.0,0.0
30,6,1,0.0,0.0
30,6,2,0.0,0.0
30,6,3,0.0,0.0
30,7,0,0.0,0.0
30,7,1,0.0,0.0
30,7,2,0.0,0.0
30,7,3,0.0,0.0
30,8,0,0.0,0.0
30,8,1,0.0,0.0
30,8,2,0.0,0.0
30,8,3,0.0,0.0
30,9,0,0.0,0.0
30,9,1,0.0,0.0
30,9,2,0.0,0.0
30,9,3,0.0,0.0
30,10,0,0.0,0.0
30,10,1,0.0,0.0
30,10,2,0.0,0.0
30,10,3,0.0,0.0
30,11,0,0.0,0.0
30,11,1,0.0,0.0
30,11,2,0.0,0.0
30,11,3,0.0,0.0
30,12,0,0.0,0.0
30,12,1,0.0,0.0
30,12,2,0.0,0.0
30,12,3,0.0,0.0
30,13,0,0.0,0.0
30,13,1,0.0,0.0
30,13,2,0.0,0.0
30,13,3,0.0,0.0
30,14,0,0.0,0.0
30,14,1,0.0,0.0
30,14,2,0.0,0.0
30,14,3,0.0,0.0
30,15,0,0.0,0.0
30,15,1,0.0,0.0
30,15,2,0.0,0.0
30,15,3,0.0,0.0
30,16,0,0.0,0.0
30,16,1,0.0,0.0
30,16,2,0.0,0.0
30,16,3,0.0,0.0
30,17,0,0.0,0.0
30,17,1,0.0,0.0
30,17,2,0.0,0.0
30,17,3,0.0,0.0
30,18,0,0.0,0.0
30,18,1,0.0,0.0
30,18,2,0.0,0.0
30,18,3,0.0,0.0
30,19,0,0.0,0.0
30,19,1,0.0,0.0
30,19,2,0.0,0.0
30,19,3,0.0,0.0
30,20,0,0.0,0.0
30,20,1,0.0,0.0
30,20,2,0.0,0.0
30,20,3,0.0,0.0
30,21,0,0.0,0.0
30,21,1,0.0,0.0
30,21,2,0.0,0.0
30,21,3,0.0,0.0
30,22,0,0.0,0.0
30,22,1,0.0,0.0
30,22,2,0.0,0.0
30,22,3,0.0,0.0
30,23,0,0.0,0.0
30,23,1,0.0,0.0
30,23,2,0.0,0.0
30,23,3,0.0,0.0
31,0,0,0.0,0.0
31,0,1,0.0,0.0
31,0,2,0.0,0.0
31,0,3,0.0,0.0
31,1,0,0.0,0.0
31,1,1,0.0,0.0
31,1,2,0.0,0.0
31,1,3,0.0,0.0
31,2,0,0.0,0.0
31,2,1,0.0,0.0
31,2,2,0.0,0.0
31,2,3,0.0,0.0
31,3,0,0.0,0.0
31,3,1,0.0,0.0
31,3,2,0.0,0.0
31,3,3,0.0,0.0
31,4,0,0.0,0.0
31,4,1,0.0,0.0
31,4,2,0.0,0.0
31,4,3,0.0,0.0
31,5,0,0.0,0.0
31,5,1,0.0,0.0
31,5,2,0.0,0.0
31,5,3,0.0,0.0
31,6,0,0.0,0.0
31,6,1,0.0,0.0
31,6,2,0.0,0.0
31,6,3,0.0,0.0
31,7,0,0.0,0.0
31,7,1,0.0,0.0
31,7,2,0.0,0.0
31,7,3,0.0,0.0
31,8,0,0.0,0.0
31,8,1,0.0,0.0
31,8,2,0.0,0.0
31,8,3,0.0,0.0
31,9,0,0.0,0.0
31,9,1,0.0,0.0
31,9,2,0.0,0.0
31,9,3,0.0,0.0
31,10,0,0.0,0.0
31,10,1,0.0,0.0
31,10,2,0.0,0.0
31,10,3,0.0,0.0
31,11,0,0.0,0.0
31,11,1,0.0,0.0
31,11,2,0.0,0.0
31,11,3,0.0,0.0
31,12,0,0.0,0.0
31,12,1,0.0,0.0
31,12,2,0.0,0.0
31,12,3,0.0,0.0
31,13,0,0.0,0.0
31,13,1,0.0,0.0
31,13,2,0.0,0.0
31,13,3,0.0,0.0
31,14,0,0.0,0.0
31,14,1,0.0,0.0
31,14,2,0.0,0.0
31,14,3,0.0,0.0
31,15,0,0.0,0.0
31,15,1,0.0,0.0
31,15,2,0.0,0.0
31,15,3,0.0,0.0
31,16,0,0.0,0.0
31,16,1,0.0,0.0
31,16,2,0.0,0.0
31,16,3,0.0,0.0
31,17,0,0.0,0.0
31,17,1,0.0,0.0
31,17,2,0.0,0.0
31,17,3,0.0,0.0
31,18,0,0.0,0.0
31,18,1,0.0,0.0
31,18,2,0.0,0.0
31,18,3,0.0,0.0
31,19,0,0.0,0.0
31,19,1,0.0,0.0
31,19,2,0.0,0.0
31,19,3,0.0,0.0
31,20,0,0.0,0.0
31,20,1,0.0,0.0
31,20,2,0.0,0.0
31,20,3,0.0,0.0
31,21,0,0.0,0.0
31,21,1,0.0,0.0
31,21,2,0.0,0.0
31,21,3,0.0,0.0
31,22,0,0.0,0.0
31,22,1,0.0,0.0
31,22,2,0.0,0.0
31,22,3,0.0,0.0
31,23,0,0.0,0.0
31,23,1,0.0,0.0
31,23,2,0.0,0.0
31,23,3,0.0,0.0
32,0,0,0.0,0.0
32,0,1,0.0,0.0
32,0,2,0.0,0.0
32,0,3,0.0,0.0
32,1,0,0.0,0.0
32,1,1,0.0,0.0
32,1,2,0.0,0.0
32,1,3,0.0,0.0
32,2,0,0.0,0.0
32,2,1,0.0,0.0
32,2,2,0.0,0.0
32,2,3,0.0,0.0
32,3,0,0.0,0.0
32,3,1,0.0,0.0
32,3,2,0.0,0.0
32,3,3,0.0,0.0
32,4,0,0.0,0.0
32,4,1,0.0,0.0
32,4,2,0.0,0.0
32,4,3,0.0,0.0
32,5,0,0.0,0.0
32,5,1,0.0,0.0
32,5,2,0.0,0.0
32,5,3,0.0,0.0
32,6,0,0.0,0.0
32,6,1,0.0,0.0
32,6,2,0.0,0.0
32,6,3,0.0,0.0
32,7,0,0.0,0.0
32,7,1,0.0,0.0
32,7,2,0.0,0.0
32,7,3,0.0,0.0
32,8,0,0.0,0.0
32,8,1,0.0,0.0
32,8,2,0.0,0.0
32,8,3,0.0,0.0
32,9,0,0.0,0.0
32,9,1,0.0,0.0
32,9,2,0.0,0.0
32,9,3,0.0,0.0
32,10,0,0.0,0.0
32,10,1,0.0,0.0
32,10,2,0.0,0.0
32,10,3,0.0,0.0
32,11,0,0.0,0.0
32,11,1,0.0,0.0
32,11,2,0.0,0.0
32,11,3,0.0,0.0
32,12,0,0.0,0.0
32,12,1,0.0,0.0
32,12,2,0.0,0.0
32,12,3,0.0,0.0
32,13,0,0.0,0.0
32,13,1,0.0,0.0
32,13,2,0.0,0.0
32,13,3,0.0,0.0
32,14,0,0.0,0.0
32,14,1,0.0,0.0
32,14,2,0.0,0.0
32,14,3,0.0,0.0
32,15,0,0.0,0.0
32,15,1,0.0,0.0
32,15,2,0.0,0.0
32,15,3,0.0,0.0
32,16,0,0.0,0.0
32,16,1,0.0,0.0
32,16,2,0.0,0.0
32,16,3,0.0,0.0
32,17,0,0.0,0.0
32,17,1,0.0,0.0
32,17,2,0.0,0.0
32,17,3,0.0,0.0
32,18,0,0.0,0.0
32,18,1,0.0,0.0
32,18,2,0.0,0.0
32,18,3,0.0,0.0
32,19,0,0.0,0.0
32,19,1,0.0,0.0
32,19,2,0.0,0.0
32,19,3,0.0,0.0
32,20,0,0.0,0.0
32,20,1,0.0,0.0
32,20,2,0.0,0.0
32,20,3,0.0,0.0
32,21,0,0.0,0.0
32,21,1,0.0,0.0
32,21,2,0.0,0.0
32,21,3,0.0,0.0
32,22,0,0.0,0.0
32,22,1,0.0,0.0
32,22,2,0.0,0.0
32,22,3,0.0,0.0
32,23,0,0.0,0.0
32,23,1,0.0,0.0
32,23,2,0.0,0.0
32,23,3,0.0,0.0
33,0,0,0.0,0.0
33,0,1,0.0,0.0
33,0,2,0.0,0.0
33,0,3,0.0,0.0
33,1,0,0.0,0.0
33,1,1,0.0,0.0
33,1,2,0.0,0.0
33,1,3,0.0,0.0
33,2,0,0.0,0.0
33,2,1,0.0,0.0
33,2,2,0.0,0.0
33,2,3,0.0,0.0
33,3,0,0.0,0.0
33,3,1,0.0,0.0
33,3,2,0.0,0.0
33,3,3,0.0,0.0
33,4,0,0.0,0.0
33,4,1,0.0,0.0
33,4,2,0.0,0.0
33,4,3,0.0,0.0
33,5,0,0.0,0.0
33,5,1,0.0,0.0
33,5,2,0.0,0.0
33,5,3,0.0,0.0
33,6,0,0.0,0.0
33,6,1,0.0,0.0
33,6,2,0.0,0.0
33,6,3,0.0,0.0
33,7,0,0.0,0.0
33,7,1,0.0,0.0
33,7,2,0.0,0.0
33,7,3,0.0,0.0
33,8,0,0.0,0.0
33,8,1,0.0,0.0
33,8,2,0.0,0.0
33,8,3,0.0,0.0
33,9,0,0.0,0.0
33,9,1,0.0,0.0
33,9,2,0.0,0.0
33,9,3,0.0,0.0
33,10,0,0.0,0.0
33,10,1,0.0,0.0
33,10,2,0.0,0.0
33,10,3,0.0,0.0
33,11,0,0.0,0.0
33,11,1,0.0,0.0
33,11,2,0.0,0.0
33,11,3,0.0,0.0
33,12,0,0.0,0.0
33,12,1,0.0,0.0
33,12,2,0.0,0.0
33,12,3,0.0,0.0
33,13,0,0.0,0.0
33,13,1,0.0,0.0
33,13,2,0.0,0.0
33,13,3,0.0,0.0
33,14,0,0.0,0.0
33,14,1,0.0,0.0
33,14,2,0.0,0.0
33,14,3,0.0,0.0
33,15,0,0.0,0.0
33,15,1,0.0,0.0
33,15,2,0.0,0.0
33,15,3,0.0,0.0
33,16,0,0.0,0.0
33,16,1,0.0,0.0
33,16,2,0.0,0.0
33,16,3,0.0,0.0
33,17,0,0.0,0.0
33,17,1,0.0,0.0
33,17,2,0.0,0.0
33,17,3,0.0,0.0
33,18,0,0.0,0.0
33,18,1,0.0,0.0
33,18,2,0.0,0.0
33,18,3,0.0,0.0
33,19,0,0.0,0.0
33,19,1,0.0,0.0
33,19,2,0.0,0.0
33,19,3,0.0,0.0
33,20,0,0.0,0.0
33,20,1,0.0,0.0
33,20,2,0.0,0.0
33,20,3,0.0,0.0
33,21,0,0.0,0.0
33,21,1,0.0,0.0
33,21,2,0.0,0.0
33,21,3,0.0,0.0
33,22,0,0.0,0.0
33,22,1,0.0,0.0
33,22,2,0.0,0.0
33,22,3,0.0,0.0
33,23,0,0.0,0.0
33,23,1,0.0,0.0
33,23,2,0.0,0.0
33,23,3,0.0,0.0
34,0,0,0.0,0.0
34,0,1,0.0,0.0
34,0,2,0.0,0.0
34,0,3,0.0,0.0
34,1,0,0.0,0.0
34,1,1,0.0,0.0
34,1,2,0.0,0.0
34,1,3,0.0,0.0
34,2,0,0.0,0.0
34,2,1,0.0,0.0
34,2,2,0.0,0.0
34,2,3,0.0,0.0
34,3,0,0.0,0.0
34,3,1,0.0,0.0
34,3,2,0.0,0.0
34,3,3,0.0,0.0
34,4,0,0.0,0.0
34,4,1,0.0,0.0
34,4,2,0.0,0.0
34,4,3,0.0,0.0
34,5,0,0.0,0.0
34,5,1,0.0,0.0
34,5,2,0.0,0.0
34,5,3,0.0,0.0
34,6,0,0.0,0.0
34,6,1,0.0,0.0
34,6,2,0.0,0.0
34,6,3,0.0,0.0
34,7,0,0.0,0.0
34,7,1,0.0,0.0
34,7,2,0.0,0.0
34,7,3,0.0,0.0
34,8,0,0.0,0.0
34,8,1,0.0,0.0
34,8,2,0.0,0.0
34,8,3,0.0,0.0
34,9,0,0.0,0.0
34,9,1,0.0,0.0
34,9,2,0.0,0.0
34,9,3,0.0,0.0
34,10,0,0.0,0.0
34,10,1,0.0,0.0
34,10,2,0.0,0.0
34,10,3,0.0,0.0
34,11,0,0.0,0.0
34,11,1,0.0,0.0
34,11,2,0.0,0.0
34,11,3,0.0,0.0
34,12,0,0.0,0.0
34,12,1,0.0,0.0
34,12,2,0.0,0.0
34,12,3,0.0,0.0
34,13,0,0.0,0.0
34,13,1,0.0,0.0
34,13,2,0.0,0.0
34,13,3,0.0,0.0
34,14,0,0.0,0.0
34,14,1,0.0,0.0
34,14,2,0.0,0.0
34,14,3,0.0,0.0
34,15,0,0.0,0.0
34,15,1,0.0,0.0
34,15,2,0.0,0.0
34,15,3,0.0,0.0
34,16,0,0.0,0.0
34,16,1,0.0,0.0
34,16,2,0.0,0.0
34,16,3,0.0,0.0
34,17,0,0.0,0.0
34,17,1,0.0,0.0
34,17,2,0.0,0.0
34,17,3,0.0,0.0
34,18,0,0.0,0.0
34,18,1,0.0,0.0
34,18,2,0.0,0.0
34,18,3,0.0,0.0
34,19,0,0.0,0.0
34,19,1,0.0,0.0
34,19,2,0.0,0.0
34,19,3,0.0,0.0
34,20,0,0.0,0.0
34,20,1,0.0,0.0
34,20,2,0.0,0.0
34,20,3,0.0,0.0
34,21,0,0.0,0.0
34,21,1,0.0,0.0
34,21,2,0.0,0.0
34,21,3,0.0,0.0
34,22,0,0.0,0.0
34,22,1,0.0,0.0
34,22,2,0.0,0.0
34,22,3,0.0,0.0
34,23,0,0.0,0.0
34,23,1,0.0,0.0
34,23,2,0.0,0.0
34,23,3,0.0,0.0
35,0,0,0.0,0.0
35,0,1,0.0,0.0
35,0,2,0.0,0.0
35,0,3,0.0,0.0
35,1,0,0.0,0.0
35,1,1,0.0,0.0
35,1,2,0.0,0.0
35,1,3,0.0,0.0
35,2,0,0.0,0.0
35,2,1,0.0,0.0
35,2,2,0.0,0.0
35,2,3,0.0,0.0
35,3,0,0.0,0.0
35,3,1,0.0,0.0
35,3,2,0.0,0.0
35,3,3,0.0,0.0
35,4,0,0.0,0.0
35,4,1,0.0,0.0
35,4,2,0.0,0.0
35,4,3,0.0,0.0
35,5,0,0.0,0.0
35,5,1,0.0,0.0
35,5,2,0.0,0.0
35,5,3,0.0,0.0
35,6,0,0.0,0.0
35,6,1,0.0,0.0
35,6,2,0.0,0.0
35,6,3,0.0,0.0
35,7,0,0.0,0.0
35,7,1,0.0,0.0
35,7,2,0.0,0.0
35,7,3,0.0,0.0
35,8,0,0.0,0.0
35,8,1,0.0,0.0
35,8,2,0.0,0.0
35,8,3,0.0,0.0
35,9,0,0.0,0.0
35,9,1,0.0,0.0
35,9,2,0.0,0.0
35,9,3,0.0,0.0
35,10,0,0.0,0.0
35,10,1,0.0,0.0
35,10,2,0.0,0.0
35,10,3,0.0,0.0
35,11,0,0.0,0.0
35,11,1,0.0,0.0
35,11,2,0.0,0.0
35,11,3,0.0,0.0
35,12,0,0.0,0.0
35,12,1,0.0,0.0
35,12,2,0.0,0.0
35,12,3,0.0,0.0
35,13,0,0.0,0.0
35,13,1,0.0,0.0
35,13,2,0.0,0.0
35,13,3,0.0,0.0
35,14,0,0.0,0.0
35,14,1,0.0,0.0
35,14,2,0.0,0.0
35,14,3,0.0,0.0
35,15,0,0.0,0.0
35,15,1,0.0,0.0
35,15,2,0.0,0.0
35,15,3,0.0,0.0
35,16,0,0.0,0.0
35,16,1,0.0,0.0
35,16,2,0.0,0.0
35,16,3,0.0,0.0
35,17,0,0.0,0.0
35,17,1,0.0,0.0
35,17,2,0.0,0.0
35,17,3,0.0,0.0
35,18,0,0.0,0.0
35,18,1,0.0,0.0
35,18,2,0.0,0.0
35,18,3,0.0,0.0
35,19,0,0.0,0.0
35,19,1,0.0,0.0
35,19,2,0.0,0.0
35,19,3,0.0,0.0
35,20,0,0.0,0.0
35,20,1,0.0,0.0
35,20,2,0.0,0.0
35,20,3,0.0,0.0
35,21,0,0.0,0.0
35,21,1,0.0,0.0
35,21,2,0.0,0.0
35,21,3,0.0,0.0
35,22,0,0.0,0.0
35,22,1,0.0,0.0
35,22,2,0.0,0.0
35,22,3,0.0,0.0
35,23,0,0.0,0.0
35,23,1,0.0,0.0
35,23,2,0.0,0.0
35,23,3,0.0,0.0
36,0,0,0.0,0.0
36,0,1,0.0,0.0
36,0,2,0.0,0.0
36,0,3,0.0,0.0
36,1,0,0.0,0.0
36,1,1,0.0,0.0
36,1,2,0.0,0.0
36,1,3,0.0,0.0
36,2,0,0.0,0.0
36,2,1,0.0,0.0
36,2,2,0.0,0.0
36,2,3,0.0,0.0
36,3,0,0.0,0.0
36,3,1,0.0,0.0
36,3,2,0.0,0.0
36,3,3,0.0,0.0
36,4,0,0.0,0.0
36,4,1,0.0,0.0
36,4,2,0.0,0.0
36,4,3,0.0,0.0
36,5,0,0.0,0.0
36,5,1,0.0,0.0
36,5,2,0.0,0.0
36,5,3,0.0,0.0
36,6,0,0.0,0.0
36,6,1,0.0,0.0
36,6,2,0.0,0.0
36,6,3,0.0,0.0
36,7,0,0.0,0.0
36,7,1,0.0,0.0
36,7,2,0.0,0.0
36,7,3,0.0,0.0
36,8,0,0.0,0.0
36,8,1,0.0,0.0
36,8,2,0.0,0.0
36,8,3,0.0,0.0
36,9,0,0.0,0.0
36,9,1,0.0,0.0
36,9,2,0.0,0.0
36,9,3,0.0,0.0
36,10,0,0.0,0.0
36,10,1,0.0,0.0
36,10,2,0.0,0.0
36,10,3,0.0,0.0
36,11,0,0.0,0.0
36,11,1,0.0,0.0
36,11,2,0.0,0.0
36,11,3,0.0,0.0
36,12,0,0.0,0.0
36,12,1,0.0,0.0
36,12,2,0.0,0.0
36,12,3,0.0,0.0
36,13,0,0.0,0.0
36,13,1,0.0,0.0
36,13,2,0.0,0.0
36,13,3,0.0,0.0
36,14,0,0.0,0.0
36,14,1,0.0,0.0
36,14,2,0.0,0.0
36,14,3,0.0,0.0
36,15,0,0.0,0.0
36,15,1,0.0,0.0
36,15,2,0.0,0.0
36,15,3,0.0,0.0
36,16,0,0.0,0.0
36,16,1,0.0,0.0
36,16,2,0.0,0.0
36,16,3,0.0,0.0
36,17,0,0.0,0.0
36,17,1,0.0,0.0
36,17,2,0.0,0.0
36,17,3,0.0,0.0
36,18,0,0.0,0.0
36,18,1,0.0,0.0
36,18,2,0.0,0.0
36,18,3,0.0,0.0
36,19,0,0.0,0.0
36,19,1,0.0,0.0
36,19,2,0.0,0.0
36,19,3,0.0,0.0
36,20,0,0.0,0.0
36,20,1,0.0,0.0
36,20,2,0.0,0.0
36,20,3,0.0,0.0
36,21,0,0.0,0.0
36,21,1,0.0,0.0
36,21,2,0.0,0.0
36,21,3,0.0,0.0
36,22,0,0.0,0.0
36,22,1,0.0,0.0
36,22,2,0.0,0.0
36,22,3,0.0,0.0
36,23,0,0.0,0.0
36,23,1,0.0,0.0
36,23,2,0.0,0.0
36,23,3,0.0,0.0
37,0,0,0.0,0.0
37,0,1,0.0,0.0
37,0,2,0.0,0.0
37,0,3,0.0,0.0
37,1,0,0.0,0.0
37,1,1,0.0,0.0
37,1,2,0.0,0.0
37,1,3,0.0,0.0
37,2,0,0.0,0.0
37,2,1,0.0,0.0
37,2,2,0.0,0.0
37,2,3,0.0,0.0
37,3,0,0.0,0.0
37,3,1,0.0,0.0
37,3,2,0.0,0.0
37,3,3,0.0,0.0
37,4,0,0.0,0.0
37,4,1,0.0,0.0
37,4,2,0.0,0.0
37,4,3,0.0,0.0
37,5,0,0.0,0.0
37,5,1,0.0,0.0
37,5,2,0.0,0.0
37,5,3,0.0,0.0
37,6,0,0.0,0.0
37,6,1,0.0,0.0
37,6,2,0.0,0.0
37,6,3,0.0,0.0
37,7,0,0.0,0.0
37,7,1,0.0,0.0
37,7,2,0.0,0.0
37,7,3,0.0,0.0
37,8,0,0.0,0.0
37,8,1,0.0,0.0
37,8,2,0.0,0.0
37,8,3,0.0,0.0
37,9,0,0.0,0.0
37,9,1,0.0,0.0
37,9,2,0.0,0.0
37,9,3,0.0,0.0
37,10,0,0.0,0.0
37,10,1,0.0,0.0
37,10,2,0.0,0.0
37,10,3,0.0,0.0
37,11,0,0.0,0.0
37,11,1,0.0,0.0
37,11,2,0.0,0.0
37,11,3,0.0,0.0
37,12,0,0.0,0.0
37,12,1,0.0,0.0
37,12,2,0.0,0.0
37,12,3,0.0,0.0
37,13,0,0.0,0.0
37,13,1,0.0,0.0
37,13,2,0.0,0.0
37,13,3,0.0,0.0
37,14,0,0.0,0.0
37,14,1,0.0,0.0
37,14,2,0.0,0.0
37,14,3,0.0,0.0
37,15,0,0.0,0.0
37,15,1,0.0,0.0
37,15,2,0.0,0.0
37,15,3,0.0,0.0
37,16,0,0.0,0.0
37,16,1,0.0,0.0
37,16,2,0.0,0.0
37,16,3,0.0,0.0
37,17,0,0.0,0.0
37,17,1,0.0,0.0
37,17,2,0.0,0.0
37,17,3,0.0,0.0
37,18,0,0.0,0.0
37,18,1,0.0,0.0
37,18,2,0.0,0.0
37,18,3,0.0,0.0
37,19,0,0.0,0.0
37,19,1,0.0,0.0
37,19,2,0.0,0.0
37,19,3,0.0,0.0
37,20,0,0.0,0.0
37,20,1,0.0,0.0
37,20,2,0.0,0.0
37,20,3,0.0,0.0
37,21,0,0.0,0.0
37,21,1,0.0,0.0
37,21,2,0.0,0.0
37,21,3,0.0,0.0
37,22,0,0.0,0.0
37,22,1,0.0,0.0
37,22,2,0.0,0.0
37,22,3,0.0,0.0
37,23,0,0.0,0.0
37,23,1,0.0,0.0
37,23,2,0.0,0.0
37,23,3,0.0,0.0
38,0,0,0.0,0.0
38,0,1,0.0,0.0
38,0,2,0.0,0.0
38,0,3,0.0,0.0
38,1,0,0.0,0.0
38,1,1,0.0,0.0
38,1,2,0.0,0.0
38,1,3,0.0,0.0
38,2,0,0.0,0.0
38,2,1,0.0,0.0
38,2,2,0.0,0.0
38,2,3,0.0,0.0
38,3,0,0.0,0.0
38,3,1,0.0,0.0
38,3,2,0.0,0.0
38,3,3,0.0,0.0
38,4,0,0.0,0.0
38,4,1,0.0,0.0
38,4,2,0.0,0.0
38,4,3,0.0,0.0
38,5,0,0.0,0.0
38,5,1,0.0,0.0
38,5,2,0.0,0.0
38,5,3,0.0,0.0
38,6,0,0.0,0.0
38,6,1,0.0,0.0
38,6,2,0.0,0.0
38,6,3,0.0,0.0
38,7,0,0.0,0.0
38,7,1,0.0,0.0
38,7,2,0.0,0.0
38,7,3,0.0,0.0
38,8,0,0.0,0.0
38,8,1,0.0,0.0
38,8,2,0.0,0.0
38,8,3,0.0,0.0
38,9,0,0.0,0.0
38,9,1,0.0,0.0
38,9,2,0.0,0.0
38,9,3,0.0,0.0
38,10,0,0.0,0.0
38,10,1,0.0,0.0
38,10,2,0.0,0.0
38,10,3,0.0,0.0
38,11,0,0.0,0.0
38,11,1,0.0,0.0
38,11,2,0.0,0.0
38,11,3,0.0,0.0
38,12,0,0.0,0.0
38,12,1,0.0,0.0
38,12,2,0.0,0.0
38,12,3,0.0,0.0
38,13,0,0.0,0.0
38,13,1,0.0,0.0
38,13,2,0.0,0.0
38,13,3,0.0,0.0
38,14,0,0.0,0.0
38,14,1,0.0,0.0
38,14,2,0.0,0.0
38,14,3,0.0,0.0
38,15,0,0.0,0.0
38,15,1,0.0,0.0
38,15,2,0.0,0.0
38,15,3,0.0,0.0
38,16,0,0.0,0.0
38,16,1,0.0,0.0
38,16,2,0.0,0.0
38,16,3,0.0,0.0
38,17,0,0.0,0.0
38,17,1,0.0,0.0
38,17,2,0.0,0.0
38,17,3,0.0,0.0
38,18,0,0.0,0.0
38,18,1,0.0,0.0
38,18,2,0.0,0.0
38,18,3,0.0,0.0
38,19,0,0.0,0.0
38,19,1,0.0,0.0
38,19,2,0.0,0.0
38,19,3,0.0,0.0
38,20,0,0.0,0.0
38,20,1,0.0,0.0
38,20,2,0.0,0.0
38,20,3,0.0,0.0
38,21,0,0.0,0.0
38,21,1,0.0,0.0
38,21,2,0.0,0.0
38,21,3,0.0,0.0
38,22,0,0.0,0.0
38,22,1,0.0,0.0
38,22,2,0.0,0.0
38,22,3,0.0,0.0
38,23,0,0.0,0.0
38,23,1,0.0,0.0
38,23,2,0.0,0.0
38,23,3,0.0,0.0
39,0,0,0.0,0.0
39,0,1,0.0,0.0
39,0,2,0.0,0.0
39,0,3,0.0,0.0
39,1,0,0.0,0.0
39,1,1,0.0,0.0
39,1,2,0.0,0.0
39,1,3,0.0,0.0
39,2,0,0.0,0.0
39,2,1,0.0,0.0
39,2,2,0.0,0.0
39,2,3,0.0,0.0
39,3,0,0.0,0.0
39,3,1,0.0,0.0
39,3,2,0.0,0.0
39,3,3,0.0,0.0
39,4,0,0.0,0.0
39,4,1,0.0,0.0
39,4,2,0.0,0.0
39,4,3,0.0,0.0
39,5,0,0.0,0.0
39,5,1,0.0,0.0
39,5,2,0.0,0.0
39,5,3,0.0,0.0
39,6,0,0.0,0.0
39,6,1,0.0,0.0
39,6,2,0.0,0.0
39,6,3,0.0,0.0
39,7,0,0.0,0.0
39,7,1,0.0,0.0
39,7,2,0.0,0.0
39,7,3,0.0,0.0
39,8,0,0.0,0.0
39,8,1,0.0,0.0
39,8,2,0.0,0.0
39,8,3,0.0,0.0
39,9,0,0.0,0.0
39,9,1,0.0,0.0
39,9,2,0.0,0.0
39,9,3,0.0,0.0
39,10,0,0.0,0.0
39,10,1,0.0,0.0
39,10,2,0.0,0.0
39,10,3,0.0,0.0
39,11,0,0.0,0.0
39,11,1,0.0,0.0
39,11,2,0.0,0.0
39,11,3,0.0,0.0
39,12,0,0.0,0.0
39,12,1,0.0,0.0
39,12,2,0.0,0.0
39,12,3,0.0,0.0
39,13,0,0.0,0.0
39,13,1,0.0,0.0
39,13,2,0.0,0.0
39,13,3,0.0,0.0
39,14,0,0.0,0.0
39,14,1,0.0,0.0
39,14,2,0.0,0.0
39,14,3,0.0,0.0
39,15,0,0.0,0.0
39,15,1,0.0,0.0
39,15,2,0.0,0.0
39,15,3,0.0,0.0
39,16,0,0.0,0.0
39,16,1,0.0,0.0
39,16,2,0.0,0.0
39,16,3,0.0,0.0
39,17,0,0.0,0.0
39,17,1,0.0,0.0
39,17,2,0.0,0.0
39,17,3,0.0,0.0
39,18,0,0.0,0.0
39,18,1,0.0,0.0
39,18,2,0.0,0.0
39,18,3,0.0,0.0
39,19,0,0.0,0.0
39,19,1,0.0,0.0
39,19,2,0.0,0.0
39,19,3,0.0,0.0
39,20,0,0.0,0.0
39,20,1,0.0,0.0
39,20,2,0.0,0.0
39,20,3,0.0,0.0
39,21,0,0.0,0.0
39,21,1,0.0,0.0
39,21,2,0.0,0.0
39,21,3,0.0,0.0
39,22,0,0.0,0.0
39,22,1,0.0,0.0
39,22,2,0.0,0.0
39,22,3,0.0,0.0
39,23,0,0.0,0.0
39,23,1,0.0,0.0
39,23,2,0.0,0.0
39,23,3,0.0,0.0
40,0,0,0.0,0.0
40,0,1,0.0,0.0
40,0,2,0.0,0.0
40,0,3,0.0,0.0
40,1,0,0.0,0.0
40,1,1,0.0,0.0
40,1,2,0.0,0.0
40,1,3,0.0,0.0
40,2,0,0.0,0.0
40,2,1,0.0,0.0
40,2,2,0.0,0.0
40,2,3,0.0,0.0
40,3,0,0.0,0.0
40,3,1,0.0,0.0
40,3,2,0.0,0.0
40,3,3,0.0,0.0
40,4,0,0.0,0.0
40,4,1,0.0,0.0
40,4,2,0.0,0.0
40,4,3,0.0,0.0
40,5,0,0.0,0.0
40,5,1,0.0,0.0
40,5,2,0.0,0.0
40,5,3,0.0,0.0
40,6,0,0.0,0.0
40,6,1,0.0,0.0
40,6,2,0.0,0.0
40,6,3,0.0,0.0
40,7,0,0.0,0.0
40,7,1,0.0,0.0
40,7,2,0.0,0.0
40,7,3,0.0,0.0
40,8,0,0.0,0.0
40,8,1,0.0,0.0
40,8,2,0.0,0.0
40,8,3,0.0,0.0
40,9,0,0.0,0.0
40,9,1,0.0,0.0
40,9,2,0.0,0.0
40,9,3,0.0,0.0
40,10,0,0.0,0.0
40,10,1,0.0,0.0
40,10,2,0.0,0.0
40,10,3,0.0,0.0
40,11,0,0.0,0.0
40,11,1,0.0,0.0
40,11,2,0.0,0.0
40,11,3,0.0,0.0
40,12,0,0.0,0.0
40,12,1,0.0,0.0
40,12,2,0.0,0.0
40,12,3,0.0,0.0
40,13,0,0.0,0.0
40,13,1,0.0,0.0
40,13,2,0.0,0.0
40,13,3,0.0,0.0
40,14,0,0.0,0.0
40,14,1,0.0,0.0
40,14,2,0.0,0.0
40,14,3,0.0,0.0
40,15,0,0.0,0.0
40,15,1,0.0,0.0
40,15,2,0.0,0.0
40,15,3,0.0,0.0
40,16,0,0.0,0.0
40,16,1,0.0,0.0
40,16,2,0.0,0.0
40,16,3,0.0,0.0
40,17,0,0.0,0.0
40,17,1,0.0,0.0
40,17,2,0.0,0.0
40,17,3,0.0,0.0
40,18,0,0.0,0.0
40,18,1,0.0,0.0
40,18,2,0.0,0.0
40,18,3,0.0,0.0
40,19,0,0.0,0.0
40,19,1,0.0,0.0
40,19,2,0.0,0.0
40,19,3,0.0,0.0
40,20,0,0.0,0.0
40,20,1,0.0,0.0
40,20,2,0.0,0.0
40,20,3,0.0,0.0
40,21,0,0.0,0.0
40,21,1,0.0,0.0
40,21,2,0.0,0.0
40,21,3,0.0,0.0
40,22,0,0.0,0.0
40,22,1,0.0,0.0
40,22,2,0.0,0.0
40,22,3,0.0,0.0
40,23,0,0.0,0.0
40,23,1,0.0,0.0
40,23,2,0.0,0.0
40,23,3,0.0,0.0
41,0,0,0.0,0.0
41,0,1,0.0,0.0
41,0,2,0.0,0.0
41,0,3,0.0,0.0
41,1,0,0.0,0.0
41,1,1,0.0,0.0
41,1,2,0.0,0.0
41,1,3,0.0,0.0
41,2,0,0.0,0.0
41,2,1,0.0,0.0
41,2,2,0.0,0.0
41,2,3,0.0,0.0
41,3,0,0.0,0.0
41,3,1,0.0,0.0
41,3,2,0.0,0.0
41,3,3,0.0,0.0
41,4,0,0.0,0.0
41,4,1,0.0,0.0
41,4,2,0.0,0.0
41,4,3,0.0,0.0
41,5,0,0.0,0.0
41,5,1,0.0,0.0
41,5,2,0.0,0.0
41,5,3,0.0,0.0
41,6,0,0.0,0.0
41,6,1,0.0,0.0
41,6,2,0.0,0.0
41,6,3,0.0,0.0
41,7,0,0.0,0.0
41,7,1,0.0,0.0
41,7,2,0.0,0.0
41,7,3,0.0,0.0
41,8,0,0.0,0.0
41,8,1,0.0,0.0
41,8,2,0.0,0.0
41,8,3,0.0,0.0
41,9,0,0.0,0.0
41,9,1,0.0,0.0
41,9,2,0.0,0.0
41,9,3,0.0,0.0
41,10,0,0.0,0.0
41,10,1,0.0,0.0
41,10,2,0.0,0.0
41,10,3,0.0,0.0
41,11,0,0.0,0.0
41,11,1,0.0,0.0
41,11,2,0.0,0.0
41,11,3,0.0,0.0
41,12,0,0.0,0.0
41,12,1,0.0,0.0
41,12,2,0.0,0.0
41,12,3,0.0,0.0
41,13,0,0.0,0.0
41,13,1,0.0,0.0
41,13,2,0.0,0.0
41,13,3,0.0,0.0
41,14,0,0.0,0.0
41,14,1,0.0,0.0
41,14,2,0.0,0.0
41,14,3,0.0,0.0
41,15,0,0.0,0.0
41,15,1,0.0,0.0
41,15,2,0.0,0.0
41,15,3,0.0,0.0
41,16,0,0.0,0.0
41,16,1,0.0,0.0
41,16,2,0.0,0.0
41,16,3,0.0,0.0
41,17,0,0.0,0.0
41,17,1,0.0,0.0
41,17,2,0.0,0.0
41,17,3,0.0,0.0
41,18,0,0.0,0.0
41,18,1,0.0,0.0
41,18,2,0.0,0.0
41,18,3,0.0,0.0
41,19,0,0.0,0.0
41,19,1,0.0,0.0
41,19,2,0.0,0.0
41,19,3,0.0,0.0
41,20,0,0.0,0.0
41,20,1,0.0,0.0
41,20,2,0.0,0.0
41,20,3,0.0,0.0
41,21,0,0.0,0.0
41,21,1,0.0,0.0
41,21,2,0.0,0.0
41,21,3,0.0,0.0
41,22,0,0.0,0.0
41,22,1,0.0,0.0
41,22,2,0.0,0.0
41,22,3,0.0,0.0
41,23,0,0.0,0.0
41,23,1,0.0,0.0
41,23,2,0.0,0.0
41,23,3,0.0,0.0
42,0,0,0.0,0.0
42,0,1,0.0,0.0
42,0,2,0.0,0.0
42,0,3,0.0,0.0
42,1,0,0.0,0.0
42,1,1,0.0,0.0
42,1,2,0.0,0.0
42,1,3,0.0,0.0
42,2,0,0.0,0.0
42,2,1,0.0,0.0
42,2,2,0.0,0.0
42,2,3,0.0,0.0
42,3,0,0.0,0.0
42,3,1,0.0,0.0
42,3,2,0.0,0.0
42,3,3,0.0,0.0
42,4,0,0.0,0.0
42,4,1,0.0,0.0
42,4,2,0.0,0.0
42,4,3,0.0,0.0
42,5,0,0.0,0.0
42,5,1,0.0,0.0
42,5,2,0.0,0.0
42,5,3,0.0,0.0
42,6,0,0.0,0.0
42,6,1,0.0,0.0
42,6,2,0.0,0.0
42,6,3,0.0,0.0
42,7,0,0.0,0.0
42,7,1,0.0,0.0
42,7,2,0.0,0.0
42,7,3,0.0,0.0
42,8,0,0.0,0.0
42,8,1,0.0,0.0
42,8,2,0.0,0.0
42,8,3,0.0,0.0
42,9,0,0.0,0.0
42,9,1,0.0,0.0
42,9,2,0.0,0.0
42,9,3,0.0,0.0
42,10,0,0.0,0.0
42,10,1,0.0,0.0
42,10,2,0.0,0.0
42,10,3,0.0,0.0
42,11,0,0.0,0.0
42,11,1,0.0,0.0
42,11,2,0.0,0.0
42,11,3,0.0,0.0
42,12,0,0.0,0.0
42,12,1,0.0,0.0
42,12,2,0.0,0.0
42,12,3,0.0,0.0
42,13,0,0.0,0.0
42,13,1,0.0,0.0
42,13,2,0.0,0.0
42,13,3,0.0,0.0
42,14,0,0.0,0.0
42,14,1,0.0,0.0
42,14,2,0.0,0.0
42,14,3,0.0,0.0
42,15,0,0.0,0.0
42,15,1,0.0,0.0
42,15,2,0.0,0.0
42,15,3,0.0,0.0
42,16,0,0.0,0.0
42,16,1,0.0,0.0
42,16,2,0.0,0.0
42,16,3,0.0,0.0
42,17,0,0.0,0.0
42,17,1,0.0,0.0
42,17,2,0.0,0.0
42,17,3,0.0,0.0
42,18,0,0.0,0.0
42,18,1,0.0,0.0
42,18,2,0.0,0.0
42,18,3,0.0,0.0
42,19,0,0.0,0.0
42,19,1,0.0,0.0
42,19,2,0.0,0.0
42,19,3,0.0,0.0
42,20,0,0.0,0.0
42,20,1,0.0,0.0
42,20,2,0.0,0.0
42,20,3,0.0,0.0
42,21,0,0.0,0.0
42,21,1,0.0,0.0
42,21,2,0.0,0.0
42,21,3,0.0,0.0
42,22,0,0.0,0.0
42,22,1,0.0,0.0
42,22,2,0.0,0.0
42,22,3,0.0,0.0
42,23,0,0.0,0.0
42,23,1,0.0,0.0
42,23,2,0.0,0.0
42,23,3,0.0,0.0
43,0,0,0.0,0.0
43,0,1,0.0,0.0
43,0,2,0.0,0.0
43,0,3,0.0,0.0
43,1,0,0.0,0.0
43,1,1,0.0,0.0
43,1,2,0.0,0.0
43,1,3,0.0,0.0
43,2,0,0.0,0.0
43,2,1,0.0,0.0
43,2,2,0.0,0.0
43,2,3,0.0,0.0
43,3,0,0.0,0.0
43,3,1,0.0,0.0
43,3,2,0.0,0.0
43,3,3,0.0,0.0
43,4,0,0.0,0.0
43,4,1,0.0,0.0
43,4,2,0.0,0.0
43,4,3,0.0,0.0
43,5,0,0.0,0.0
43,5,1,0.0,0.0
43,5,2,0.0,0.0
43,5,3,0.0,0.0
43,6,0,0.0,0.0
43,6,1,0.0,0.0
43,6,2,0.0,0.0
43,6,3,0.0,0.0
43,7,0,0.0,0.0
43,7,1,0.0,0.0
43,7,2,0.0,0.0
43,7,3,0.0,0.0
43,8,0,0.0,0.0
43,8,1,0.0,0.0
43,8,2,0.0,0.0
43,8,3,0.0,0.0
43,9,0,0.0,0.0
43,9,1,0.0,0.0
43,9,2,0.0,0.0
43,9,3,0.0,0.0
43,10,0,0.0,0.0
43,10,1,0.0,0.0
43,10,2,0.0,0.0
43,10,3,0.0,0.0
43,11,0,0.0,0.0
43,11,1,0.0,0.0
43,11,2,0.0,0.0
43,11,3,0.0,0.0
43,12,0,0.0,0.0
43,12,1,0.0,0.0
43,12,2,0.0,0.0
43,12,3,0.0,0.0
43,13,0,0.0,0.0
43,13,1,0.0,0.0
43,13,2,0.0,0.0
43,13,3,0.0,0.0
43,14,0,0.0,0.0
43,14,1,0.0,0.0
43,14,2,0.0,0.0
43,14,3,0.0,0.0
43,15,0,0.0,0.0
43,15,1,0.0,0.0
43,15,2,0.0,0.0
43,15,3,0.0,0.0
43,16,0,0.0,0.0
43,16,1,0.0,0.0
43,16,2,0.0,0.0
43,16,3,0.0,0.0
43,17,0,0.0,0.0
43,17,1,0.0,0.0
43,17,2,0.0,0.0
43,17,3,0.0,0.0
43,18,0,0.0,0.0
43,18,1,0.0,0.0
43,18,2,0.0,0.0
43,18,3,0.0,0.0
43,19,0,0.0,0.0
43,19,1,0.0,0.0
43,19,2,0.0,0.0
43,19,3,0.0,0.0
43,20,0,0.0,0.0
43,20,1,0.0,0.0
43,20,2,0.0,0.0
43,20,3,0.0,0.0
43,21,0,0.0,0.0
43,21,1,0.0,0.0
43,21,2,0.0,0.0
43,21,3,0.0,0.0
43,22,0,0.0,0.0
43,22,1,0.0,0.0
43,22,2,0.0,0.0
43,22,3,0.0,0.0
43,23,0,0.0,0.0
43,23,1,0.0,0.0
43,23,2,0.0,0.0
43,23,3,0.0,0.0
44,0,0,0.0,0.0
44,0,1,0.0,0.0
44,0,2,0.0,0.0
44,0,3,0.0,0.0
44,1,0,0.0,0.0
44,1,1,0.0,0.0
44,1,2,0.0,0.0
44,1,3,0.0,0.0
44,2,0,0.0,0.0
44,2,1,0.0,0.0
44,2,2,0.0,0.0
44,2,3,0.0,0.0
44,3,0,0.0,0.0
44,3,1,0.0,0.0
44,3,2,0.0,0.0
44,3,3,0.0,0.0
44,4,0,0.0,0.0
44,4,1,0.0,0.0
44,4,2,0.0,0.0
44,4,3,0.0,0.0
44,5,0,0.0,0.0
44,5,1,0.0,0.0
44,5,2,0.0,0.0
44,5,3,0.0,0.0
44,6,0,0.0,0.0
44,6,1,0.0,0.0
44,6,2,0.0,0.0
44,6,3,0.0,0.0
44,7,0,0.0,0.0
44,7,1,0.0,0.0
44,7,2,0.0,0.0
44,7,3,0.0,0.0
44,8,0,0.0,0.0
44,8,1,0.0,0.0
44,8,2,0.0,0.0
44,8,3,0.0,0.0
44,9,0,0.0,0.0
44,9,1,0.0,0.0
44,9,2,0.0,0.0
44,9,3,0.0,0.0
44,10,0,0.0,0.0
44,10,1,0.0,0.0
44,10,2,0.0,0.0
44,10,3,0.0,0.0
44,11,0,0.0,0.0
44,11,1,0.0,0.0
44,11,2,0.0,0.0
44,11,3,0.0,0.0
44,12,0,0.0,0.0
44,12,1,0.0,0.0
44,12,2,0.0,0.0
44,12,3,0.0,0.0
44,13,0,0.0,0.0
44,13,1,0.0,0.0
44,13,2,0.0,0.0
44,13,3,0.0,0.0
44,14,0,0.0,0.0
44,14,1,0.0,0.0
44,14,2,0.0,0.0
44,14,3,0.0,0.0
44,15,0,0.0,0.0
44,15,1,0.0,0.0
44,15,2,0.0,0.0
44,15,3,0.0,0.0
44,16,0,0.0,0.0
44,16,1,0.0,0.0
44,16,2,0.0,0.0
44,16,3,0.0,0.0
44,17,0,0.0,0.0
44,17,1,0.0,0.0
44,17,2,0.0,0.0
44,17,3,0.0,0.0
44,18,0,0.0,0.0
44,18,1,0.0,0.0
44,18,2,0.0,0.0
44,18,3,0.0,0.0
44,19,0,0.0,0.0
44,19,1,0.0,0.0
44,19,2,0.0,0.0
44,19,3,0.0,0.0
44,20,0,0.0,0.0
44,20,1,0.0,0.0
44,20,2,0.0,0.0
44,20,3,0.0,0.0
44,21,0,0.0,0.0
44,21,1,0.0,0.0
44,21,2,0.0,0.0
44,21,3,0.0,0.0
44,22,0,0.0,0.0
44,22,1,0.0,0.0
44,22,2,0.0,0.0
44,22,3,0.0,0.0
44,23,0,0.0,0.0
44,23,1,0.0,0.0
44,23,2,0.0,0.0
44,23,3,0.0,0.0
45,0,0,0.0,0.0
45,0,1,0.0,0.0
45,0,2,0.0,0.0
45,0,3,0.0,0.0
45,1,0,0.0,0.0
45,1,1,0.0,0.0
45,1,2,0.0,0.0
45,1,3,0.0,0.0
45,2,0,0.0,0.0
45,2,1,0.0,0.0
45,2,2,0.0,0.0
45,2,3,0.0,0.0
45,3,0,0.0,0.0
45,3,1,0.0,0.0
45,3,2,0.0,0.0
45,3,3,0.0,0.0
45,4,0,0.0,0.0
45,4,1,0.0,0.0
45,4,2,0.0,0.0
45,4,3,0.0,0.0
45,5,0,0.0,0.0
45,5,1,0.0,0.0
45,5,2,0.0,0.0
45,5,3,0.0,0.0
45,6,0,0.0,0.0
45,6,1,0.0,0.0
45,6,2,0.0,0.0
45,6,3,0.0,0.0
45,7,0,0.0,0.0
45,7,1,0.0,0.0
45,7,2,0.0,0.0
45,7,3,0.0,0.0
45,8,0,0.0,0.0
45,8,1,0.0,0.0
45,8,2,0.0,0.0
45,8,3,0.0,0.0
45,9,0,0.0,0.0
45,9,1,0.0,0.0
45,9,2,0.0,0.0
45,9,3,0.0,0.0
45,10,0,0.0,0.0
45,10,1,0.0,0.0
45,10,2,0.0,0.0
45,10,3,0.0,0.0
45,11,0,0.0,0.0
45,11,1,0.0,0.0
45,11,2,0.0,0.0
45,11,3,0.0,0.0
45,12,0,0.0,0.0
45,12,1,0.0,0.0
45,12,2,0.0,0.0
45,12,3,0.0,0.0
45,13,0,0.0,0.0
45,13,1,0.0,0.0
45,13,2,0.0,0.0
45,13,3,0.0,0.0
45,14,0,0.0,0.0
45,14,1,0.0,0.0
45,14,2,0.0,0.0
45,14,3,0.0,0.0
45,15,0,0.0,0.0
45,15,1,0.0,0.0
45,15,2,0.0,0.0
45,15,3,0.0,0.0
45,16,0,0.0,0.0
45,16,1,0.0,0.0
45,16,2,0.0,0.0
45,16,3,0.0,0.0
45,17,0,0.0,0.0
45,17,1,0.0,0.0
45,17,2,0.0,0.0
45,17,3,0.0,0.0
45,18,0,0.0,0.0
45,18,1,0.0,0.0
45,18,2,0.0,0.0
45,18,3,0.0,0.0
45,19,0,0.0,0.0
45,19,1,0.0,0.0
45,19,2,0.0,0.0
45,19,3,0.0,0.0
45,20,0,0.0,0.0
45,20,1,0.0,0.0
45,20,2,0.0,0.0
45,20,3,0.0,0.0
45,21,0,0.0,0.0
45,21,1,0.0,0.0
45,21,2,0.0,0.0
45,21,3,0.0,0.0
45,22,0,0.0,0.0
45,22,1,0.0,0.0
45,22,2,0.0,0.0
45,22,3,0.0,0.0
45,23,0,0.0,0.0
45,23,1,0.0,0.0
45,23,2,0.0,0.0
45,23,3,0.0,0.0
46,0,0,0.0,0.0
46,0,1,0.0,0.0
46,0,2,0.0,0.0
46,0,3,0.0,0.0
46,1,0,0.0,0.0
46,1,1,0.0,0.0
46,1,2,0.0,0.0
46,1,3,0.0,0.0
46,2,0,0.0,0.0
46,2,1,0.0,0.0
46,2,2,0.0,0.0
46,2,3,0.0,0.0
46,3,0,0.0,0.0
46,3,1,0.0,0.0
46,3,2,0.0,0.0
46,3,3,0.0,0.0
46,4,0,0.0,0.0
46,4,1,0.0,0.0
46,4,2,0.0,0.0
46,4,3,0.0,0.0
46,5,0,0.0,0.0
46,5,1,0.0,0.0
46,5,2,0.0,0.0
46,5,3,0.0,0.0
46,6,0,0.0,0.0
46,6,1,0.0,0.0
46,6,2,0.0,0.0
46,6,3,0.0,0.0
46,7,0,0.0,0.0
46,7,1,0.0,0.0
46,7,2,0.0,0.0
46,7,3,0.0,0.0
46,8,0,0.0,0.0
46,8,1,0.0,0.0
46,8,2,0.0,0.0
46,8,3,0.0,0.0
46,9,0,0.0,0.0
46,9,1,0.0,0.0
46,9,2,0.0,0.0
46,9,3,0.0,0.0
46,10,0,0.0,0.0
46,10,1,0.0,0.0
46,10,2,0.0,0.0
46,10,3,0.0,0.0
46,11,0,0.0,0.0
46,11,1,0.0,0.0
46,11,2,0.0,0.0
46,11,3,0.0,0.0
46,12,0,0.0,0.0
46,12,1,0.0,0.0
46,12,2,0.0,0.0
46,12,3,0.0,0.0
46,13,0,0.0,0.0
46,13,1,0.0,0.0
46,13,2,0.0,0.0
46,13,3,0.0,0.0
46,14,0,0.0,0.0
46,14,1,0.0,0.0
46,14,2,0.0,0.0
46,14,3,0.0,0.0
46,15,0,0.0,0.0
46,15,1,0.0,0.0
46,15,2,0.0,0.0
46,15,3,0.0,0.0
46,16,0,0.0,0.0
46,16,1,0.0,0.0
46,16,2,0.0,0.0
46,16,3,0.0,0.0
46,17,0,0.0,0.0
46,17,1,0.0,0.0
46,17,2,0.0,0.0
46,17,3,0.0,0.0
46,18,0,0.0,0.0
46,18,1,0.0,0.0
46,18,2,0.0,0.0
46,18,3,0.0,0.0
46,19,0,0.0,0.0
46,19,1,0.0,0.0
46,19,2,0.0,0.0
46,19,3,0.0,0.0
46,20,0,0.0,0.0
46,20,1,0.0,0.0
46,20,2,0.0,0.0
46,20,3,0.0,0.0
46,21,0,0.0,0.0
46,21,1,0.0,0.0
46,21,2,0.0,0.0
46,21,3,0.0,0.0
46,22,0,0.0,0.0
46,22,1,0.0,0.0
46,22,2,0.0,0.0
46,22,3,0.0,0.0
46,23,0,0.0,0.0
46,23,1,0.0,0.0
46,23,2,0.0,0.0
46,23,3,0.0,0.0
47,0,0,0.0,0.0
47,0,1,0.0,0.0
47,0,2,0.0,0.0
47,0,3,0.0,0.0
47,1,0,0.0,0.0
47,1,1,0.0,0.0
47,1,2,0.0,0.0
47,1,3,0.0,0.0
47,2,0,0.0,0.0
47,2,1,0.0,0.0
47,2,2,0.0,0.0
47,2,3,0.0,0.0
47,3,0,0.0,0.0
47,3,1,0.0,0.0
47,3,2,0.0,0.0
47,3,3,0.0,0.0
47,4,0,0.0,0.0
47,4,1,0.0,0.0
47,4,2,0.0,0.0
47,4,3,0.0,0.0
47,5,0,0.0,0.0
47,5,1,0.0,0.0
47,5,2,0.0,0.0
47,5,3,0.0,0.0
47,6,0,0.0,0.0
47,6,1,0.0,0.0
47,6,2,0.0,0.0
47,6,3,0.0,0.0
47,7,0,0.0,0.0
47,7,1,0.0,0.0
47,7,2,0.0,0.0
47,7,3,0.0,0.0
47,8,0,0.0,0.0
47,8,1,0.0,0.0
47,8,2,0.0,0.0
47,8,3,0.0,0.0
47,9,0,0.0,0.0
47,9,1,0.0,0.0
47,9,2,0.0,0.0
47,9,3,0.0,0.0
47,10,0,0.0,0.0
47,10,1,0.0,0.0
47,10,2,0.0,0.0
47,10,3,0.0,0.0
47,11,0,0.0,0.0
47,11,1,0.0,0.0
47,11,2,0.0,0.0
47,11,3,0.0,0.0
47,12,0,0.0,0.0
47,12,1,0.0,0.0
47,12,2,0.0,0.0
47,12,3,0.0,0.0
47,13,0,0.0,0.0
47,13,1,0.0,0.0
47,13,2,0.0,0.0
47,13,3,0.0,0.0
47,14,0,0.0,0.0
47,14,1,0.0,0.0
47,14,2,0.0,0.0
47,14,3,0.0,0.0
47,15,0,0.0,0.0
47,15,1,0.0,0.0
47,15,2,0.0,0.0
47,15,3,0.0,0.0
47,16,0,0.0,0.0
47,16,1,0.0,0.0
47,16,2,0.0,0.0
47,16,3,0.0,0.0
47,17,0,0.0,0.0
47,17,1,0.0,0.0
47,17,2,0.0,0.0
47,17,3,0.0,0.0
47,18,0,0.0,0.0
47,18,1,0.0,0.0
47,18,2,0.0,0.0
47,18,3,0.0,0.0
47,19,0,0.0,0.0
47,19,1,0.0,0.0
47,19,2,0.0,0.0
47,19,3,0.0,0.0
47,20,0,0.0,0.0
47,20,1,0.0,0.0
47,20,2,0.0,0.0
47,20,3,0.0,0.0
47,21,0,0.0,0.0
47,21,1,0.0,0.0
47,21,2,0.0,0.0
47,21,3,0.0,0.0
47,22,0,0.0,0.0
47,22,1,0.0,0.0
47,22,2,0.0,0.0
47,22,3,0.0,0.0
47,23,0,0.0,0.0
47,23,1,0.0,0.0
47,23,2,0.0,0.0
47,23,3,0.0,0.0
48,0,0,0.0,0.0
48,0,1,0.0,0.0
48,0,2,0.0,0.0
48,0,3,0.0,0.0
48,1,0,0.0,0.0
48,1,1,0.0,0.0
48,1,2,0.0,0.0
48,1,3,0.0,0.0
48,2,0,0.0,0.0
48,2,1,0.0,0.0
48,2,2,0.0,0.0
48,2,3,0.0,0.0
48,3,0,0.0,0.0
48,3,1,0.0,0.0
48,3,2,0.0,0.0
48,3,3,0.0,0.0
48,4,0,0.0,0.0
48,4,1,0.0,0.0
48,4,2,0.0,0.0
48,4,3,0.0,0.0
48,5,0,0.0,0.0
48,5,1,0.0,0.0
48,5,2,0.0,0.0
48,5,3,0.0,0.0
48,6,0,0.0,0.0
48,6,1,0.0,0.0
48,6,2,0.0,0.0
48,6,3,0.0,0.0
48,7,0,0.0,0.0
48,7,1,0.0,0.0
48,7,2,0.0,0.0
48,7,3,0.0,0.0
48,8,0,0.0,0.0
48,8,1,0.0,0.0
48,8,2,0.0,0.0
48,8,3,0.0,0.0
48,9,0,0.0,0.0
48,9,1,0.0,0.0
48,9,2,0.0,0.0
48,9,3,0.0,0.0
48,10,0,0.0,0.0
48,10,1,0.0,0.0
48,10,2,0.0,0.0
48,10,3,0.0,0.0
48,11,0,0.0,0.0
48,11,1,0.0,0.0
48,11,2,0.0,0.0
48,11,3,0.0,0.0
48,12,0,0.0,0.0
48,12,1,0.0,0.0
48,12,2,0.0,0.0
48,12,3,0.0,0.0
48,13,0,0.0,0.0
48,13,1,0.0,0.0
48,13,2,0.0,0.0
48,13,3,0.0,0.0
48,14,0,0.0,0.0
48,14,1,0.0,0.0
48,14,2,0.0,0.0
48,14,3,0.0,0.0
48,15,0,0.0,0.0
48,15,1,0.0,0.0
48,15,2,0.0,0.0
48,15,3,0.0,0.0
48,16,0,0.0,0.0
48,16,1,0.0,0.0
48,16,2,0.0,0.0
48,16,3,0.0,0.0
48,17,0,0.0,0.0
48,17,1,0.0,0.0
48,17,2,0.0,0.0
48,17,3,0.0,0.0
48,18,0,0.0,0.0
48,18,1,0.0,0.0
48,18,2,0.0,0.0
48,18,3,0.0,0.0
48,19,0,0.0,0.0
48,19,1,0.0,0.0
48,19,2,0.0,0.0
48,19,3,0.0,0.0
48,20,0,0.0,0.0
48,20,1,0.0,0.0
48,20,2,0.0,0.0
48,20,3,0.0,0.0
48,21,0,0.0,0.0
48,21,1,0.0,0.0
48,21,2,0.0,0.0
48,21,3,0.0,0.0
48,22,0,0.0,0.0
48,22,1,0.0,0.0
48,22,2,0.0,0.0
48,22,3,0.0,0.0
48,23,0,0.0,0.0
48,23,1,0.0,0.0
48,23,2,0.0,0.0
48,23,3,0.0,0.0
49,0,0,0.0,0.0
49,0,1,0.0,0.0
49,0,2,0.0,0.0
49,0,3,0.0,0.0
49,1,0,0.0,0.0
49,1,1,0.0,0.0
49,1,2,0.0,0.0
49,1,3,0.0,0.0
49,2,0,0.0,0.0
49,2,1,0.0,0.0
49,2,2,0.0,0.0
49,2,3,0.0,0.0
49,3,0,0.0,0.0
49,3,1,0.0,0.0
49,3,2,0.0,0.0
49,3,3,0.0,0.0
49,4,0,0.0,0.0
49,4,1,0.0,0.0
49,4,2,0.0,0.0
49,4,3,0.0,0.0
49,5,0,0.0,0.0
49,5,1,0.0,0.0
49,5,2,0.0,0.0
49,5,3,0.0,0.0
49,6,0,0.0,0.0
49,6,1,0.0,0.0
49,6,2,0.0,0.0
49,6,3,0.0,0.0
49,7,0,0.0,0.0
49,7,1,0.0,0.0
49,7,2,0.0,0.0
49,7,3,0.0,0.0
49,8,0,0.0,0.0
49,8,1,0.0,0.0
49,8,2,0.0,0.0
49,8,3,0.0,0.0
49,9,0,0.0,0.0
49,9,1,0.0,0.0
49,9,2,0.0,0.0
49,9,3,0.0,0.0
49,10,0,0.0,0.0
49,10,1,0.0,0.0
49,10,2,0.0,0.0
49,10,3,0.0,0.0
49,11,0,0.0,0.0
49,11,1,0.0,0.0
49,11,2,0.0,0.0
49,11,3,0.0,0.0
49,12,0,0.0,0.0
49,12,1,0.0,0.0
49,12,2,0.0,0.0
49,12,3,0.0,0.0
49,13,0,0.0,0.0
49,13,1,0.0,0.0
49,13,2,0.0,0.0
49,13,3,0.0,0.0
49,14,0,0.0,0.0
49,14,1,0.0,0.0
49,14,2,0.0,0.0
49,14,3,0.0,0.0
49,15,0,0.0,0.0
49,15,1,0.0,0.0
49,15,2,0.0,0.0
49,15,3,0.0,0.0
49,16,0,0.0,0.0
49,16,1,0.0,0.0
49,16,2,0.0,0.0
49,16,3,0.0,0.0
49,17,0,0.0,0.0
49,17,1,0.0,0.0
49,17,2,0.0,0.0
49,17,3,0.0,0.0
49,18,0,0.0,0.0
49,18,1,0.0,0.0
49,18,2,0.0,0.0
49,18,3,0.0,0.0
49,19,0,0.0,0.0
49,19,1,0.0,0.0
49,19,2,0.0,0.0
49,19,3,0.0,0.0
49,20,0,0.0,0.0
49,20,1,0.0,0.0
49,20,2,0.0,0.0
49,20,3,0.0,0.0
49,21,0,0.0,0.0
49,21,1,0.0,0.0
49,21,2,0.0,0.0
49,21,3,0.0,0.0
49,22,0,0.0,0.0
49,22,1,0.0,0.0
49,22,2,0.0,0.0
49,22,3,0.0,0.0
49,23,0,0.0,0.0
49,23,1,0.0,0.0
49,23,2,0.0,0.0
49,23,3,0.0,0.0
50,0,0,0.0,0.0
50,0,1,0.0,0.0
50,0,2,0.0,0.0
50,0,3,0.0,0.0
50,1,0,0.0,0.0
50,1,1,0.0,0.0
50,1,2,0.0,0.0
50,1,3,0.0,0.0
50,2,0,0.0,0.0
50,2,1,0.0,0.0
50,2,2,0.0,0.0
50,2,3,0.0,0.0
50,3,0,0.0,0.0
50,3,1,0.0,0.0
50,3,2,0.0,0.0
50,3,3,0.0,0.0
50,4,0,0.0,0.0
50,4,1,0.0,0.0
50,4,2,0.0,0.0
50,4,3,0.0,0.0
50,5,0,0.0,0.0
50,5,1,0.0,0.0
50,5,2,0.0,0.0
50,5,3,0.0,0.0
50,6,0,0.0,0.0
50,6,1,0.0,0.0
50,6,2,0.0,0.0
50,6,3,0.0,0.0
50,7,0,0.0,0.0
50,7,1,0.0,0.0
50,7,2,0.0,0.0
50,7,3,0.0,0.0
50,8,0,0.0,0.0
50,8,1,0.0,0.0
50,8,2,0.0,0.0
50,8,3,0.0,0.0
50,9,0,0.0,0.0
50,9,1,0.0,0.0
50,9,2,0.0,0.0
50,9,3,0.0,0.0
50,10,0,0.0,0.0
50,10,1,0.0,0.0
50,10,2,0.0,0.0
50,10,3,0.0,0.0
50,11,0,0.0,0.0
50,11,1,0.0,0.0
50,11,2,0.0,0.0
50,11,3,0.0,0.0
50,12,0,0.0,0.0
50,12,1,0.0,0.0
50,12,2,0.0,0.0
50,12,3,0.0,0.0
50,13,0,0.0,0.0
50,13,1,0.0,0.0
50,13,2,0.0,0.0
50,13,3,0.0,0.0
50,14,0,0.0,0.0
50,14,1,0.0,0.0
50,14,2,0.0,0.0
50,14,3,0.0,0.0
50,15,0,0.0,0.0
50,15,1,0.0,0.0
50,15,2,0.0,0.0
50,15,3,0.0,0.0
50,16,0,0.0,0.0
50,16,1,0.0,0.0
50,16,2,0.0,0.0
50,16,3,0.0,0.0
50,17,0,0.0,0.0
50,17,1,0.0,0.0
50,17,2,0.0,0.0
50,17,3,0.0,0.0
50,18,0,0.0,0.0
50,18,1,0.0,0.0
50,18,2,0.0,0.0
50,18,3,0.0,0.0
50,19,0,0.0,0.0
50,19,1,0.0,0.0
50,19,2,0.0,0.0
50,19,3,0.0,0.0
50,20,0,0.0,0.0
50,20,1,0.0,0.0
50,20,2,0.0,0.0
50,20,3,0.0,0.0
50,21,0,0.0,0.0
50,21,1,0.0,0.0
50,21,2,0.0,0.0
50,21,3,0.0,0.0
50,22,0,0.0,0.0
50,22,1,0.0,0.0
50,22,2,0.0,0.0
50,22,3,0.0,0.0
50,23,0,0.0,0.0
50,23,1,0.0,0.0
50,23,2,0.0,0.0
50,23,3,0.0,0.0
51,0,0,0.0,0.0
51,0,1,0.0,0.0
51,0,2,0.0,0.0
51,0,3,0.0,0.0
51,1,0,0.0,0.0
51,1,1,0.0,0.0
51,1,2,0.0,0.0
51,1,3,0.0,0.0
51,2,0,0.0,0.0
51,2,1,0.0,0.0
51,2,2,0.0,0.0
51,2,3,0.0,0.0
51,3,0,0.0,0.0
51,3,1,0.0,0.0
51,3,2,0.0,0.0
51,3,3,0.0,0.0
51,4,0,0.0,0.0
51,4,1,0.0,0.0
51,4,2,0.0,0.0
51,4,3,0.0,0.0
51,5,0,0.0,0.0
51,5,1,0.0,0.0
51,5,2,0.0,0.0
51,5,3,0.0,0.0
51,6,0,0.0,0.0
51,6,1,0.0,0.0
51,6,2,0.0,0.0
51,6,3,0.0,0.0
51,7,0,0.0,0.0
51,7,1,0.0,0.0
51,7,2,0.0,0.0
51,7,3,0.0,0.0
51,8,0,0.0,0.0
51,8,1,0.0,0.0
51,8,2,0.0,0.0
51,8,3,0.0,0.0
51,9,0,0.0,0.0
51,9,1,0.0,0.0
51,9,2,0.0,0.0
51,9,3,0.0,0.0
51,10,0,0.0,0.0
51,10,1,0.0,0.0
51,10,2,0.0,0.0
51,10,3,0.0,0.0
51,11,0,0.0,0.0
51,11,1,0.0,0.0
51,11,2,0.0,0.0
51,11,3,0.0,0.0
51,12,0,0.0,0.0
51,12,1,0.0,0.0
51,12,2,0.0,0.0
51,12,3,0.0,0.0
51,13,0,0.0,0.0
51,13,1,0.0,0.0
51,13,2,0.0,0.0
51,13,3,0.0,0.0
51,14,0,0.0,0.0
51,14,1,0.0,0.0
51,14,2,0.0,0.0
51,14,3,0.0,0.0
51,15,0,0.0,0.0
51,15,1,0.0,0.0
51,15,2,0.0,0.0
51,15,3,0.0,0.0
51,16,0,0.0,0.0
51,16,1,0.0,0.0
51,16,2,0.0,0.0
51,16,3,0.0,0.0
51,17,0,0.0,0.0
51,17,1,0.0,0.0
51,17,2,0.0,0.0
51,17,3,0.0,0.0
51,18,0,0.0,0.0
51,18,1,0.0,0.0
51,18,2,0.0,0.0
51,18,3,0.0,0.0
51,19,0,0.0,0.0
51,19,1,0.0,0.0
51,19,2,0.0,0.0
51,19,3,0.0,0.0
51,20,0,0.0,0.0
51,20,1,0.0,0.0
51,20,2,0.0,0.0
51,20,3,0.0,0.0
51,21,0,0.0,0.0
51,21,1,0.0,0.0
51,21,2,0.0,0.0
51,21,3,0.0,0.0
51,22,0,0.0,0.0
51,22,1,0.0,0.0
51,22,2,0.0,0.0
51,22,3,0.0,0.0
51,23,0,0.0,0.0
51,23,1,0.0,0.0
51,23,2,0.0,0.0
51,23,3,0.0,0.0
52,0,0,0.0,0.0
52,0,1,0.0,0.0
52,0,2,0.0,0.0
52,0,3,0.0,0.0
52,1,0,0.0,0.0
52,1,1,0.0,0.0
52,1,2,0.0,0.0
52,1,3,0.0,0.0
52,2,0,0.0,0.0
52,2,1,0.0,0.0
52,2,2,0.0,0.0
52,2,3,0.0,0.0
52,3,0,0.0,0.0
52,3,1,0.0,0.0
52,3,2,0.0,0.0
52,3,3,0.0,0.0
52,4,0,0.0,0.0
52,4,1,0.0,0.0
52,4,2,0.0,0.0
52,4,3,0.0,0.0
52,5,0,0.0,0.0
52,5,1,0.0,0.0
52,5,2,0.0,0.0
52,5,3,0.0,0.0
52,6,0,0.0,0.0
52,6,1,0.0,0.0
52,6,2,0.0,0.0
52,6,3,0.0,0.0
52,7,0,0.0,0.0
52,7,1,0.0,0.0
52,7,2,0.0,0.0
52,7,3,0.0,0.0
52,8,0,0.0,0.0
52,8,1,0.0,0.0
52,8,2,0.0,0.0
52,8,3,0.0,0.0
52,9,0,0.0,0.0
52,9,1,0.0,0.0
52,9,2,0.0,0.0
52,9,3,0.0,0.0
52,10,0,0.0,0.0
52,10,1,0.0,0.0
52,10,2,0.0,0.0
52,10,3,0.0,0.0
52,11,0,0.0,0.0
52,11,1,0.0,0.0
52,11,2,0.0,0.0
52,11,3,0.0,0.0
52,12,0,0.0,0.0
52,12,1,0.0,0.0
52,12,2,0.0,0.0
52,12,3,0.0,0.0
52,13,0,0.0,0.0
52,13,1,0.0,0.0
52,13,2,0.0,0.0
52,13,3,0.0,0.0
52,14,0,0.0,0.0
52,14,1,0.0,0.0
52,14,2,0.0,0.0
52,14,3,0.0,0.0
52,15,0,0.0,0.0
52,15,1,0.0,0.0
52,15,2,0.0,0.0
52,15,3,0.0,0.0
52,16,0,0.0,0.0
52,16,1,0.0,0.0
52,16,2,0.0,0.0
52,16,3,0.0,0.0
52,17,0,0.0,0.0
52,17,1,0.0,0.0
52,17,2,0.0,0.0
52,17,3,0.0,0.0
52,18,0,0.0,0.0
52,18,1,0.0,0.0
52,18,2,0.0,0.0
52,18,3,0.0,0.0
52,19,0,0.0,0.0
52,19,1,0.0,0.0
52,19,2,0.0,0.0
52,19,3,0.0,0.0
52,20,0,0.0,0.0
52,20,1,0.0,0.0
52,20,2,0.0,0.0
52,20,3,0.0,0.0
52,21,0,0.0,0.0
52,21,1,0.0,0.0
52,21,2,0.0,0.0
52,21,3,0.0,0.0
52,22,0,0.0,0.0
52,22,1,0.0,0.0
52,22,2,0.0,0.0
52,22,3,0.0,0.0
52,23,0,0.0,0.0
52,23,1,0.0,0.0
52,23,2,0.0,0.0
52,23,3,0.0,0.0
53,0,0,0.0,0.0
53,0,1,0.0,0.0
53,0,2,0.0,0.0
53,0,3,0.0,0.0
53,1,0,0.0,0.0
53,1,1,0.0,0.0
53,1,2,0.0,0.0
53,1,3,0.0,0.0
53,2,0,0.0,0.0
53,2,1,0.0,0.0
53,2,2,0.0,0.0
53,2,3,0.0,0.0
53,3,0,0.0,0.0
53,3,1,0.0,0.0
53,3,2,0.0,0.0
53,3,3,0.0,0.0
53,4,0,0.0,0.0
53,4,1,0.0,0.0
53,4,2,0.0,0.0
53,4,3,0.0,0.0
53,5,0,0.0,0.0
53,5,1,0.0,0.0
53,5,2,0.0,0.0
53,5,3,0.0,0.0
53,6,0,0.0,0.0
53,6,1,0.0,0.0
53,6,2,0.0,0.0
53,6,3,0.0,0.0
53,7,0,0.0,0.0
53,7,1,0.0,0.0
53,7,2,0.0,0.0
53,7,3,0.0,0.0
53,8,0,0.0,0.0
53,8,1,0.0,0.0
53,8,2,0.0,0.0
53,8,3,0.0,0.0
53,9,0,0.0,0.0
53,9,1,0.0,0.0
53,9,2,0.0,0.0
53,9,3,0.0,0.0
53,10,0,0.0,0.0
53,10,1,0.0,0.0
53,10,2,0.0,0.0
53,10,3,0.0,0.0
53,11,0,0.0,0.0
53,11,1,0.0,0.0
53,11,2,0.0,0.0
53,11,3,0.0,0.0
53,12,0,0.0,0.0
53,12,1,0.0,0.0
53,12,2,0.0,0.0
53,12,3,0.0,0.0
53,13,0,0.0,0.0
53,13,1,0.0,0.0
53,13,2,0.0,0.0
53,13,3,0.0,0.0
53,14,0,0.0,0.0
53,14,1,0.0,0.0
53,14,2,0.0,0.0
53,14,3,0.0,0.0
53,15,0,0.0,0.0
53,15,1,0.0,0.0
53,15,2,0.0,0.0
53,15,3,0.0,0.0
53,16,0,0.0,0.0
53,16,1,0.0,0.0
53,16,2,0.0,0.0
53,16,3,0.0,0.0
53,17,0,0.0,0.0
53,17,1,0.0,0.0
53,17,2,0.0,0.0
53,17,3,0.0,0.0
53,18,0,0.0,0.0
53,18,1,0.0,0.0
53,18,2,0.0,0.0
53,18,3,0.0,0.0
53,19,0,0.0,0.0
53,19,1,0.0,0.0
53,19,2,0.0,0.0
53,19,3,0.0,0.0
53,20,0,0.0,0.0
53,20,1,0.0,0.0
53,20,2,0.0,0.0
53,20,3,0.0,0.0
53,21,0,0.0,0.0
53,21,1,0.0,0.0
53,21,2,0.0,0.0
53,21,3,0.0,0.0
53,22,0,0.0,0.0
53,22,1,0.0,0.0
53,22,2,0.0,0.0
53,22,3,0.0,0.0
53,23,0,0.0,0.0
53,23,1,0.0,0.0
53,23,2,0.0,0.0
53,23,3,0.0,0.0
